"Sample_1","Sample_1_label","Sample_2","Sample_2_label","Pearson_r","p_value","significance","p_value_display"
"RAS101_FMRP_CLIP_Control_Control","Control Control","RAS102_FMRP_CLIP_Control_Control","Control Control",0.980396480085644,0,"***","<2.2e-16"
"RAS101_FMRP_CLIP_Control_Control","Control Control","RAS81_FMRP_CLIP_Control_Control","Control Control",0.914353544711512,0,"***","<2.2e-16"
"RAS102_FMRP_CLIP_Control_Control","Control Control","RAS81_FMRP_CLIP_Control_Control","Control Control",0.897480573569167,0,"***","<2.2e-16"
"RAS101_FMRP_CLIP_Control_Control","Control Control","RAS91_FMRP_CLIP_Control_Control","Control Control",0.954318701624933,0,"***","<2.2e-16"
"RAS102_FMRP_CLIP_Control_Control","Control Control","RAS91_FMRP_CLIP_Control_Control","Control Control",0.946152036339337,0,"***","<2.2e-16"
"RAS81_FMRP_CLIP_Control_Control","Control Control","RAS91_FMRP_CLIP_Control_Control","Control Control",0.94973265484642,0,"***","<2.2e-16"
"RAS101_FMRP_CLIP_Control_Control","Control Control","RAS120_FMRP_CLIP_ChR2_5min","ChR2 5min",0.964390314669721,0,"***","<2.2e-16"
"RAS102_FMRP_CLIP_Control_Control","Control Control","RAS120_FMRP_CLIP_ChR2_5min","ChR2 5min",0.967496887382672,0,"***","<2.2e-16"
"RAS81_FMRP_CLIP_Control_Control","Control Control","RAS120_FMRP_CLIP_ChR2_5min","ChR2 5min",0.929997018808905,0,"***","<2.2e-16"
"RAS91_FMRP_CLIP_Control_Control","Control Control","RAS120_FMRP_CLIP_ChR2_5min","ChR2 5min",0.968329093225085,0,"***","<2.2e-16"
"RAS101_FMRP_CLIP_Control_Control","Control Control","RAS128_FMRP_CLIP_ChR2_5min","ChR2 5min",0.966277356968217,0,"***","<2.2e-16"
"RAS102_FMRP_CLIP_Control_Control","Control Control","RAS128_FMRP_CLIP_ChR2_5min","ChR2 5min",0.974184741792236,0,"***","<2.2e-16"
"RAS81_FMRP_CLIP_Control_Control","Control Control","RAS128_FMRP_CLIP_ChR2_5min","ChR2 5min",0.884861818668335,0,"***","<2.2e-16"
"RAS91_FMRP_CLIP_Control_Control","Control Control","RAS128_FMRP_CLIP_ChR2_5min","ChR2 5min",0.936607822693449,0,"***","<2.2e-16"
"RAS120_FMRP_CLIP_ChR2_5min","ChR2 5min","RAS128_FMRP_CLIP_ChR2_5min","ChR2 5min",0.967668448039822,0,"***","<2.2e-16"
"RAS101_FMRP_CLIP_Control_Control","Control Control","RAS132_FMRP_CLIP_ChR2_5min","ChR2 5min",0.953932035661008,0,"***","<2.2e-16"
"RAS102_FMRP_CLIP_Control_Control","Control Control","RAS132_FMRP_CLIP_ChR2_5min","ChR2 5min",0.958570055950531,0,"***","<2.2e-16"
"RAS81_FMRP_CLIP_Control_Control","Control Control","RAS132_FMRP_CLIP_ChR2_5min","ChR2 5min",0.917309253245064,0,"***","<2.2e-16"
"RAS91_FMRP_CLIP_Control_Control","Control Control","RAS132_FMRP_CLIP_ChR2_5min","ChR2 5min",0.956222519959367,0,"***","<2.2e-16"
"RAS120_FMRP_CLIP_ChR2_5min","ChR2 5min","RAS132_FMRP_CLIP_ChR2_5min","ChR2 5min",0.985999318724894,0,"***","<2.2e-16"
"RAS128_FMRP_CLIP_ChR2_5min","ChR2 5min","RAS132_FMRP_CLIP_ChR2_5min","ChR2 5min",0.961560938751576,0,"***","<2.2e-16"
"RAS101_FMRP_CLIP_Control_Control","Control Control","RAS133_FMRP_CLIP_ChR2_5min","ChR2 5min",0.948825935029358,0,"***","<2.2e-16"
"RAS102_FMRP_CLIP_Control_Control","Control Control","RAS133_FMRP_CLIP_ChR2_5min","ChR2 5min",0.958543765350349,0,"***","<2.2e-16"
"RAS81_FMRP_CLIP_Control_Control","Control Control","RAS133_FMRP_CLIP_ChR2_5min","ChR2 5min",0.839314186787515,0,"***","<2.2e-16"
"RAS91_FMRP_CLIP_Control_Control","Control Control","RAS133_FMRP_CLIP_ChR2_5min","ChR2 5min",0.897796584720441,0,"***","<2.2e-16"
"RAS120_FMRP_CLIP_ChR2_5min","ChR2 5min","RAS133_FMRP_CLIP_ChR2_5min","ChR2 5min",0.939738474555364,0,"***","<2.2e-16"
"RAS128_FMRP_CLIP_ChR2_5min","ChR2 5min","RAS133_FMRP_CLIP_ChR2_5min","ChR2 5min",0.960173231127433,0,"***","<2.2e-16"
"RAS132_FMRP_CLIP_ChR2_5min","ChR2 5min","RAS133_FMRP_CLIP_ChR2_5min","ChR2 5min",0.944683394674137,0,"***","<2.2e-16"
"RAS101_FMRP_CLIP_Control_Control","Control Control","RAS100_FMRP_CLIP_ChR2_30min","ChR2 30min",0.967037626733001,0,"***","<2.2e-16"
"RAS102_FMRP_CLIP_Control_Control","Control Control","RAS100_FMRP_CLIP_ChR2_30min","ChR2 30min",0.959885320750934,0,"***","<2.2e-16"
"RAS81_FMRP_CLIP_Control_Control","Control Control","RAS100_FMRP_CLIP_ChR2_30min","ChR2 30min",0.878545180539219,0,"***","<2.2e-16"
"RAS91_FMRP_CLIP_Control_Control","Control Control","RAS100_FMRP_CLIP_ChR2_30min","ChR2 30min",0.918297334936176,0,"***","<2.2e-16"
"RAS120_FMRP_CLIP_ChR2_5min","ChR2 5min","RAS100_FMRP_CLIP_ChR2_30min","ChR2 30min",0.926975349907085,0,"***","<2.2e-16"
"RAS128_FMRP_CLIP_ChR2_5min","ChR2 5min","RAS100_FMRP_CLIP_ChR2_30min","ChR2 30min",0.945615187546652,0,"***","<2.2e-16"
"RAS132_FMRP_CLIP_ChR2_5min","ChR2 5min","RAS100_FMRP_CLIP_ChR2_30min","ChR2 30min",0.918097914387191,0,"***","<2.2e-16"
"RAS133_FMRP_CLIP_ChR2_5min","ChR2 5min","RAS100_FMRP_CLIP_ChR2_30min","ChR2 30min",0.936737337348252,0,"***","<2.2e-16"
"RAS101_FMRP_CLIP_Control_Control","Control Control","RAS80_FMRP_CLIP_ChR2_30min","ChR2 30min",0.89070942450584,0,"***","<2.2e-16"
"RAS102_FMRP_CLIP_Control_Control","Control Control","RAS80_FMRP_CLIP_ChR2_30min","ChR2 30min",0.872320594178068,0,"***","<2.2e-16"
"RAS81_FMRP_CLIP_Control_Control","Control Control","RAS80_FMRP_CLIP_ChR2_30min","ChR2 30min",0.918317241037712,0,"***","<2.2e-16"
"RAS91_FMRP_CLIP_Control_Control","Control Control","RAS80_FMRP_CLIP_ChR2_30min","ChR2 30min",0.887714124619136,0,"***","<2.2e-16"
"RAS120_FMRP_CLIP_ChR2_5min","ChR2 5min","RAS80_FMRP_CLIP_ChR2_30min","ChR2 30min",0.864335013612266,0,"***","<2.2e-16"
"RAS128_FMRP_CLIP_ChR2_5min","ChR2 5min","RAS80_FMRP_CLIP_ChR2_30min","ChR2 30min",0.847178351603201,0,"***","<2.2e-16"
"RAS132_FMRP_CLIP_ChR2_5min","ChR2 5min","RAS80_FMRP_CLIP_ChR2_30min","ChR2 30min",0.848463337179849,0,"***","<2.2e-16"
"RAS133_FMRP_CLIP_ChR2_5min","ChR2 5min","RAS80_FMRP_CLIP_ChR2_30min","ChR2 30min",0.816140361170827,0,"***","<2.2e-16"
"RAS100_FMRP_CLIP_ChR2_30min","ChR2 30min","RAS80_FMRP_CLIP_ChR2_30min","ChR2 30min",0.881543958847983,0,"***","<2.2e-16"
"RAS101_FMRP_CLIP_Control_Control","Control Control","RAS90_FMRP_CLIP_ChR2_30min","ChR2 30min",0.947917540984572,0,"***","<2.2e-16"
"RAS102_FMRP_CLIP_Control_Control","Control Control","RAS90_FMRP_CLIP_ChR2_30min","ChR2 30min",0.923206462281249,0,"***","<2.2e-16"
"RAS81_FMRP_CLIP_Control_Control","Control Control","RAS90_FMRP_CLIP_ChR2_30min","ChR2 30min",0.904085282088539,0,"***","<2.2e-16"
"RAS91_FMRP_CLIP_Control_Control","Control Control","RAS90_FMRP_CLIP_ChR2_30min","ChR2 30min",0.947835766924732,0,"***","<2.2e-16"
"RAS120_FMRP_CLIP_ChR2_5min","ChR2 5min","RAS90_FMRP_CLIP_ChR2_30min","ChR2 30min",0.926358963145445,0,"***","<2.2e-16"
"RAS128_FMRP_CLIP_ChR2_5min","ChR2 5min","RAS90_FMRP_CLIP_ChR2_30min","ChR2 30min",0.914866276957639,0,"***","<2.2e-16"
"RAS132_FMRP_CLIP_ChR2_5min","ChR2 5min","RAS90_FMRP_CLIP_ChR2_30min","ChR2 30min",0.908489299944083,0,"***","<2.2e-16"
"RAS133_FMRP_CLIP_ChR2_5min","ChR2 5min","RAS90_FMRP_CLIP_ChR2_30min","ChR2 30min",0.882576992795565,0,"***","<2.2e-16"
"RAS100_FMRP_CLIP_ChR2_30min","ChR2 30min","RAS90_FMRP_CLIP_ChR2_30min","ChR2 30min",0.924132207614783,0,"***","<2.2e-16"
"RAS80_FMRP_CLIP_ChR2_30min","ChR2 30min","RAS90_FMRP_CLIP_ChR2_30min","ChR2 30min",0.859248526148662,0,"***","<2.2e-16"
"RAS101_FMRP_CLIP_Control_Control","Control Control","RAS98_FMRP_CLIP_ChR2_30min","ChR2 30min",0.980764657180414,0,"***","<2.2e-16"
"RAS102_FMRP_CLIP_Control_Control","Control Control","RAS98_FMRP_CLIP_ChR2_30min","ChR2 30min",0.969647343371513,0,"***","<2.2e-16"
"RAS81_FMRP_CLIP_Control_Control","Control Control","RAS98_FMRP_CLIP_ChR2_30min","ChR2 30min",0.883797982935208,0,"***","<2.2e-16"
"RAS91_FMRP_CLIP_Control_Control","Control Control","RAS98_FMRP_CLIP_ChR2_30min","ChR2 30min",0.928330265232908,0,"***","<2.2e-16"
"RAS120_FMRP_CLIP_ChR2_5min","ChR2 5min","RAS98_FMRP_CLIP_ChR2_30min","ChR2 30min",0.946841190636169,0,"***","<2.2e-16"
"RAS128_FMRP_CLIP_ChR2_5min","ChR2 5min","RAS98_FMRP_CLIP_ChR2_30min","ChR2 30min",0.958244319330381,0,"***","<2.2e-16"
"RAS132_FMRP_CLIP_ChR2_5min","ChR2 5min","RAS98_FMRP_CLIP_ChR2_30min","ChR2 30min",0.936703748570542,0,"***","<2.2e-16"
"RAS133_FMRP_CLIP_ChR2_5min","ChR2 5min","RAS98_FMRP_CLIP_ChR2_30min","ChR2 30min",0.950025136027684,0,"***","<2.2e-16"
"RAS100_FMRP_CLIP_ChR2_30min","ChR2 30min","RAS98_FMRP_CLIP_ChR2_30min","ChR2 30min",0.966897803236597,0,"***","<2.2e-16"
"RAS80_FMRP_CLIP_ChR2_30min","ChR2 30min","RAS98_FMRP_CLIP_ChR2_30min","ChR2 30min",0.868817687632529,0,"***","<2.2e-16"
"RAS90_FMRP_CLIP_ChR2_30min","ChR2 30min","RAS98_FMRP_CLIP_ChR2_30min","ChR2 30min",0.936194300967295,0,"***","<2.2e-16"
