"gene_name","Pathway_group","log2FC_5v0","pvalue_5v0","padj_5v0","log2FC_30v5","pvalue_30v5","padj_30v5","Significant_reversal","Temporal_category","Plot_category"
"Casp3","Nuclear: decreased at 5 min",-0.44876458689783294,0.0015662645139804927,0.02162165150908703,0.46187459999467395,0.009386272844452957,0.07108073781219067,FALSE,"No significant reversal","Nuclear no reversal"
"Ccnd1","Nuclear: decreased at 5 min",-0.18058007406560886,0.00193117248695289,0.02490935967956299,0.18932833240463245,0.01757731652181962,0.1078186654356152,FALSE,"No significant reversal","Nuclear no reversal"
"Cct2","Nuclear: decreased at 5 min",-0.18087559147746046,0.0016593678316075334,0.02256114074446016,0.14964332075940107,0.01737747747907111,0.10712909231821326,FALSE,"No significant reversal","Nuclear no reversal"
"Cct3","Nuclear: decreased at 5 min",-0.21072607639544996,0.0044418160968337445,0.0450813053433577,0.15533577259288595,0.15702616169716324,0.4277080265765539,FALSE,"No significant reversal","Nuclear no reversal"
"Cmtr1","Nuclear: decreased at 5 min",-0.166160418745371,0.00405842842602735,0.04246616927098705,-0.01569237326519483,0.888698663877536,0.960280833299139,FALSE,"No significant reversal","Nuclear no reversal"
"Dab2ip","Nuclear: decreased at 5 min",-0.1698126297490147,0.0011030620368638045,0.01693607607451827,0.12120626132084092,0.18285753180446443,0.4621541409512092,FALSE,"No significant reversal","Nuclear no reversal"
"Dmd","Nuclear: decreased at 5 min",-0.16827340068685412,0.0011472815955252374,0.017392660260914853,0.057035562659501673,0.5741322857579563,0.8136706822803672,FALSE,"No significant reversal","Nuclear no reversal"
"Drosha","Nuclear: decreased at 5 min",-0.2040592729343819,0.003584268388083204,0.039054795369749346,0.1277880826241016,0.19504861915562552,0.4782843213674223,FALSE,"No significant reversal","Nuclear no reversal"
"Dyrk3","Nuclear: decreased at 5 min",-0.5409380990144966,7.4622003685263445e-6,4.2009856137188153e-4,0.3372478760791927,0.024439462575784658,0.1346310403591047,FALSE,"No significant reversal","Nuclear no reversal"
"Fam53b","Nuclear: decreased at 5 min",-0.19714187132682476,5.656227311494519e-4,0.01046886318663429,0.07197952077748429,0.4323993132833162,0.7152049043224651,FALSE,"No significant reversal","Nuclear no reversal"
"Far2","Nuclear: decreased at 5 min",-0.4582789527424668,0.0012397707386810034,0.01840886685137542,0.11577547589848271,0.45880477003628184,0.7329661534122165,FALSE,"No significant reversal","Nuclear no reversal"
"Fbh1","Nuclear: decreased at 5 min",-0.2806455077105023,9.530524752455463e-4,0.015038750664130086,0.2021518429756214,0.042170854047536385,0.19281208105833075,FALSE,"No significant reversal","Nuclear no reversal"
"Fbxw7","Nuclear: decreased at 5 min",-0.22296582169083842,0.002250741580184355,0.028223046102334913,0.14988055655436358,0.03345178985246664,0.16608116467424558,FALSE,"No significant reversal","Nuclear no reversal"
"Gda","Nuclear: decreased at 5 min",-0.22611168328686826,2.2660841269329742e-5,9.590257822253133e-4,0.17258044201687991,0.14810811391722048,0.41239000034872014,FALSE,"No significant reversal","Nuclear no reversal"
"Hat1","Nuclear: decreased at 5 min",-0.40563533182202444,7.966784195941065e-4,0.013171670942637433,0.29605487178239664,0.03163883339835275,0.15966483263306933,FALSE,"No significant reversal","Nuclear no reversal"
"Hr","Nuclear: decreased at 5 min",-0.6838972752062643,1.6318354001669096e-4,0.00433999872492826,0.4860731852029897,0.010110259362322621,0.07453885928904683,FALSE,"No significant reversal","Nuclear no reversal"
"Hrh3","Nuclear: decreased at 5 min",-0.5834047187866291,5.0416493204106875e-5,0.0017466406251384332,0.2040378464619476,0.43759353184211913,0.7178187979845678,FALSE,"No significant reversal","Nuclear no reversal"
"Jade2","Nuclear: decreased at 5 min",-0.26899967599248226,7.856683185008122e-5,0.0025050999571313505,0.21895309343025476,0.007588856755435927,0.061574136690269815,FALSE,"No significant reversal","Nuclear no reversal"
"Jak1","Nuclear: decreased at 5 min",-0.2156728397908703,0.001370152075795536,0.019589912417029034,0.04835531174989056,0.6804285891689872,0.8693499200088664,FALSE,"No significant reversal","Nuclear no reversal"
"Kcnab2","Nuclear: decreased at 5 min",-0.22720097693252356,3.7388795475846e-4,0.007893271294891004,0.18568285684998437,0.0130871157513223,0.08904755187865888,FALSE,"No significant reversal","Nuclear no reversal"
"Ldhb","Nuclear: decreased at 5 min",-0.17522086520211166,7.927106767753464e-4,0.013171670942637433,0.13147545151303286,0.06252542273655357,0.24522438814962888,FALSE,"No significant reversal","Nuclear no reversal"
"Luc7l","Nuclear: decreased at 5 min",-0.3018827299203824,0.0036058541594438612,0.039132206435169375,0.20893959380081625,0.05332328147544362,0.22398992476514906,FALSE,"No significant reversal","Nuclear no reversal"
"Med14","Nuclear: decreased at 5 min",-0.2566780715282543,8.6296129934795e-5,0.002688112012868009,0.12088642724146592,0.15317082968406343,0.42160640308819614,FALSE,"No significant reversal","Nuclear no reversal"
"Mfn1","Nuclear: decreased at 5 min",-0.42351217781101724,0.003353523839021201,0.03725409987253871,0.19628258275467197,0.20272321450417627,0.488414845942112,FALSE,"No significant reversal","Nuclear no reversal"
"Mlxip","Nuclear: decreased at 5 min",-0.25488020671975065,0.0022069329352557964,0.027800497583280494,0.15828014932208354,0.0396215492868701,0.18506231196161468,FALSE,"No significant reversal","Nuclear no reversal"
"Mturn","Nuclear: decreased at 5 min",-0.1551777430845602,0.00416999315824987,0.043173808474638746,0.10501944153358139,0.1408939047546794,0.401786709328314,FALSE,"No significant reversal","Nuclear no reversal"
"Ndufs1","Nuclear: decreased at 5 min",-0.19865972710549906,0.003193529105236753,0.03584512575130224,0.0634738676188147,0.4367093955915199,0.717641136542773,FALSE,"No significant reversal","Nuclear no reversal"
"Ndufs2","Nuclear: decreased at 5 min",-0.21033725588710817,6.171028433333285e-4,0.011061798729004889,0.10514689461538614,0.1591776382564115,0.42987259842894426,FALSE,"No significant reversal","Nuclear no reversal"
"Nemf","Nuclear: decreased at 5 min",-0.35046410557814744,0.0027549103703908883,0.03259110820909691,0.16455441465712028,0.23837602104867545,0.5316118935148428,FALSE,"No significant reversal","Nuclear no reversal"
"Nfkb1","Nuclear: decreased at 5 min",-0.506801352053059,5.238973336178603e-5,0.00179202730350489,0.46855546186151564,0.017272903484415594,0.10674249826106197,FALSE,"No significant reversal","Nuclear no reversal"
"Noct","Nuclear: decreased at 5 min",-0.19624403283681294,0.002461887261764613,0.030068406115721695,0.1678650014153134,0.028518967259867203,0.14932594551602682,FALSE,"No significant reversal","Nuclear no reversal"
"Nos1","Nuclear: decreased at 5 min",-0.28282768575302025,1.6245212318955153e-5,7.316437498149427e-4,0.07507388167584798,0.4374837877464121,0.7178187979845678,FALSE,"No significant reversal","Nuclear no reversal"
"Npas2","Nuclear: decreased at 5 min",-0.4677995284164189,1.5901467736103066e-5,7.221805241997397e-4,0.3349790023766618,0.016354308328951676,0.10288956645106624,FALSE,"No significant reversal","Nuclear no reversal"
"Nr1d1","Nuclear: decreased at 5 min",-0.18733470864940663,0.0026798547113967867,0.03186639117215387,0.05285528989210923,0.610792429832038,0.833609665850915,FALSE,"No significant reversal","Nuclear no reversal"
"Pde1a","Nuclear: decreased at 5 min",-0.3848001770691231,2.1626448711029862e-7,2.5748169538997233e-5,0.23868303554669787,0.02948424182662919,0.15247682452877212,FALSE,"No significant reversal","Nuclear no reversal"
"Pde2a","Nuclear: decreased at 5 min",-0.14462363744290893,0.001684833120985835,0.022792692371384093,-0.02103152761808573,0.8127034899649292,0.928761828435628,FALSE,"No significant reversal","Nuclear no reversal"
"Pid1","Nuclear: decreased at 5 min",-0.25119225377159615,0.0025024500610101295,0.030460566114255055,0.21478907731208238,0.03068087929749448,0.15630939668673682,FALSE,"No significant reversal","Nuclear no reversal"
"Pikfyve","Nuclear: decreased at 5 min",-0.20611903358475483,0.0027694984829483567,0.03259110820909691,0.012185842123975034,0.8858483929230332,0.959864695670356,FALSE,"No significant reversal","Nuclear no reversal"
"Plcl2","Nuclear: decreased at 5 min",-0.295033944083493,0.0011202046041585098,0.017117094350625084,0.1484343104883216,0.1768323337100446,0.4537500669221558,FALSE,"No significant reversal","Nuclear no reversal"
"Prkcb","Nuclear: decreased at 5 min",-0.20429224911724275,8.693654142718403e-5,0.0026925417658637024,0.06082683331060464,0.35728404725727075,0.6538127523496715,FALSE,"No significant reversal","Nuclear no reversal"
"Prmt2","Nuclear: decreased at 5 min",-0.2326138840898917,6.562085292158844e-4,0.01155204884738517,0.1330190389776724,0.02717301455558829,0.14487550741762587,FALSE,"No significant reversal","Nuclear no reversal"
"Prmt9","Nuclear: decreased at 5 min",-0.3728165714664631,0.0027948303810457365,0.032764990877140306,0.29489044860480607,0.009641682268345629,0.07219271876006,FALSE,"No significant reversal","Nuclear no reversal"
"Prpf8","Nuclear: decreased at 5 min",-0.26126199821991064,0.0023161384142458543,0.028842327326709032,0.044870109677136484,0.8183879383253585,0.9319579715376866,FALSE,"No significant reversal","Nuclear no reversal"
"Ptk2","Nuclear: decreased at 5 min",-0.1815823474888963,0.003405704715976512,0.0377561664358873,0.10670410729413712,0.2459403594032527,0.5403859219526437,FALSE,"No significant reversal","Nuclear no reversal"
"Ralgapa1","Nuclear: decreased at 5 min",-0.18317042888748605,0.00301279990550522,0.0343516394289092,0.07474468461951476,0.47552698434895946,0.7443875263484796,FALSE,"No significant reversal","Nuclear no reversal"
"Rara","Nuclear: decreased at 5 min",-0.31953579327253073,7.019559829690412e-4,0.012198460160630815,0.2943167440039516,0.014863856186319621,0.09658454828808363,FALSE,"No significant reversal","Nuclear no reversal"
"Rasgrp1","Nuclear: decreased at 5 min",-0.19886522622850156,0.0010376269660387993,0.016091405847795382,0.005089418085951605,0.9614534787181523,0.9859038749247678,FALSE,"No significant reversal","Nuclear no reversal"
"Rbm22","Nuclear: decreased at 5 min",-0.1749430496521274,0.005064122169160777,0.04998912924790762,0.1647757438991581,0.012745708566698995,0.08750103676343776,FALSE,"No significant reversal","Nuclear no reversal"
"Rc3h1","Nuclear: decreased at 5 min",-0.2657088549109384,8.364290494756069e-5,0.0026358488617439753,0.1776626704087295,0.010411480608326414,0.07611921579436738,FALSE,"No significant reversal","Nuclear no reversal"
"Ripor2","Nuclear: decreased at 5 min",-0.19612583919281087,1.0275151359234863e-4,0.0030424650350511354,-0.03625488944086444,0.5059656111684574,0.7659410313196736,FALSE,"No significant reversal","Nuclear no reversal"
"Rnmt","Nuclear: decreased at 5 min",-0.21121222425307984,0.001758426206355621,0.02333171119056774,0.017818961808092226,0.8254718790333995,0.9355591872965645,FALSE,"No significant reversal","Nuclear no reversal"
"Rps19","Nuclear: decreased at 5 min",-0.2718344174347974,2.5746104526592925e-4,0.006102843066402257,0.22184791831489575,0.014698705137734974,0.09586587699613644,FALSE,"No significant reversal","Nuclear no reversal"
"Rps6ka6","Nuclear: decreased at 5 min",-0.4712767797951373,0.002982892268435559,0.034282593006748824,0.22489967572209452,0.22853312776011503,0.521334898502767,FALSE,"No significant reversal","Nuclear no reversal"
"Runx1t1","Nuclear: decreased at 5 min",-0.20372368064344812,0.004077338493146153,0.042581595915378516,0.057633670506513475,0.5716815157438353,0.8130123958765402,FALSE,"No significant reversal","Nuclear no reversal"
"Satb2","Nuclear: decreased at 5 min",-0.28632168290493226,0.0016931967811569786,0.022848644204152037,0.14051314212915153,0.15945356082570777,0.430307145668672,FALSE,"No significant reversal","Nuclear no reversal"
"Slirp","Nuclear: decreased at 5 min",-0.3794221356667129,3.458487917180993e-4,0.007505771657675454,-0.03898942219777524,0.8141718638915871,0.9294436501898573,FALSE,"No significant reversal","Nuclear no reversal"
"Smarca1","Nuclear: decreased at 5 min",-0.30156267610481496,4.23338205019436e-4,0.008500891501992841,0.0651432947319844,0.5041565647888007,0.764561895142426,FALSE,"No significant reversal","Nuclear no reversal"
"Smg7","Nuclear: decreased at 5 min",-0.1742903327140212,0.004055049559921834,0.04246616927098705,0.15904801351266282,0.02025174995679724,0.1191028132646158,FALSE,"No significant reversal","Nuclear no reversal"
"Snrpb2","Nuclear: decreased at 5 min",-0.3220144926197203,0.0016264318198616686,0.022253293089727563,0.05880270781924592,0.7283637359567914,0.8924992558365775,FALSE,"No significant reversal","Nuclear no reversal"
"Spop","Nuclear: decreased at 5 min",-0.34960520254006144,4.246906662111328e-4,0.008500891501992841,0.08587896683936609,0.41372429102555025,0.6995960857755273,FALSE,"No significant reversal","Nuclear no reversal"
"Sub1","Nuclear: decreased at 5 min",-0.1762514082799622,4.177770592228898e-4,0.008464854320011966,0.0921290394324959,0.0594783761723584,0.2386422527102503,FALSE,"No significant reversal","Nuclear no reversal"
"Tnfaip3","Nuclear: decreased at 5 min",-0.389639318650582,0.0020621357655041792,0.026249534203020498,0.2966158034024786,0.007871075588431234,0.06306888646460918,FALSE,"No significant reversal","Nuclear no reversal"
"Tox","Nuclear: decreased at 5 min",-0.5940799811408518,0.0016782489094845931,0.0227605928012785,0.37311648921892243,0.28237380376298177,0.5808684505516327,FALSE,"No significant reversal","Nuclear no reversal"
"Trnt1","Nuclear: decreased at 5 min",-0.30003444919259054,0.0012477955600134986,0.01847592083313138,0.2570619957596153,0.01624077215485932,0.10236773004598593,FALSE,"No significant reversal","Nuclear no reversal"
"Trub2","Nuclear: decreased at 5 min",-0.3740741640003233,0.0010889414471371478,0.016790824682033426,0.2045480600366163,0.07774862567741617,0.28045284910630447,FALSE,"No significant reversal","Nuclear no reversal"
"Usp4","Nuclear: decreased at 5 min",-0.16630311062031344,0.003312592025926488,0.036989470256445674,0.1011611760702608,0.0997315911813387,0.3280466924997888,FALSE,"No significant reversal","Nuclear no reversal"
"Usp47","Nuclear: decreased at 5 min",-0.18287689385076922,0.004894845857305513,0.048673770811053625,0.12192286286728386,0.17324896242422758,0.447929291454654,FALSE,"No significant reversal","Nuclear no reversal"
"Usp49","Nuclear: decreased at 5 min",-0.47877249345741135,0.0028873024464217013,0.03352186051919674,0.32494997032693307,0.09917410370629133,0.32688551968532564,FALSE,"No significant reversal","Nuclear no reversal"
"Utp6","Nuclear: decreased at 5 min",-0.2939601399377196,0.0027488455019941747,0.03259110820909691,0.12894710036895052,0.23398375737129878,0.5267243452856423,FALSE,"No significant reversal","Nuclear no reversal"
"Xpo5","Nuclear: decreased at 5 min",-0.23900928437405125,0.0037443222663259947,0.040151170016585,0.18910943943753675,0.06731650970543969,0.2564717208280541,FALSE,"No significant reversal","Nuclear no reversal"
"Ybx1","Nuclear: decreased at 5 min",-0.3797456292896396,7.2973862245746685e-6,4.1514446158646105e-4,-0.1329713696445068,0.40014100321589646,0.688199891693904,FALSE,"No significant reversal","Nuclear no reversal"
"Zfp462","Nuclear: decreased at 5 min",-0.4481331085127142,3.441078054053277e-5,0.001318957896675953,0.23855781267874243,0.03342957304291878,0.16603805752652936,FALSE,"No significant reversal","Nuclear no reversal"
"Zswim8","Nuclear: decreased at 5 min",-0.19406292521324292,7.85994247874717e-4,0.013124345118559894,0.0936116834512669,0.293556233387248,0.5915247199566342,FALSE,"No significant reversal","Nuclear no reversal"
"Abt1","Nuclear: decreased at 5 min",-0.331211056535926,2.580414269389806e-4,0.006103216157075364,0.2794118888666408,3.1850997238902246e-4,0.006143837014573157,TRUE,"Significant reversal","Nuclear reversal"
"Ahr","Nuclear: decreased at 5 min",-0.678746769323924,1.0328165900989157e-8,2.0947495622057566e-6,0.6693491203047329,5.104852627196405e-5,0.0017641220290266339,TRUE,"Significant reversal","Nuclear reversal"
"Akirin1","Nuclear: decreased at 5 min",-0.1557774399377997,0.0023523846420435337,0.029226351259596044,0.3183820214105412,9.234256866010636e-7,1.0998627498273638e-4,TRUE,"Significant reversal","Nuclear reversal"
"Arid4b","Nuclear: decreased at 5 min",-0.2621094578752344,3.3680961974530237e-4,0.007384533833320432,0.23948892905025873,0.004311826892116983,0.04211583782841652,TRUE,"Significant reversal","Nuclear reversal"
"Arid5b","Nuclear: decreased at 5 min",-0.4429215711752001,8.528825307429175e-6,4.5864712809951224e-4,0.5387834244607478,3.7942771919580316e-5,0.0014871627025859785,TRUE,"Significant reversal","Nuclear reversal"
"Bdnf","Nuclear: decreased at 5 min",-0.2762860559816419,3.8595289210270775e-5,0.0014335961548928413,0.3397645310161904,0.0015388723937233256,0.020191322487912042,TRUE,"Significant reversal","Nuclear reversal"
"Bhlhe40","Nuclear: decreased at 5 min",-0.3924505919951289,6.933105450802506e-5,0.002264046429538498,0.4551395924113627,3.3246909086923653e-6,2.6485264979115544e-4,TRUE,"Significant reversal","Nuclear reversal"
"Bmal1","Nuclear: decreased at 5 min",-0.3317562443962686,0.0013590728471995137,0.019508922185098997,0.39707578688406103,7.873456637010558e-5,0.0023387788383255575,TRUE,"Significant reversal","Nuclear reversal"
"Btaf1","Nuclear: decreased at 5 min",-0.3831738059711066,3.3626957799996976e-7,3.528871717089003e-5,0.4337472829088259,6.691744480401613e-7,9.328900146087157e-5,TRUE,"Significant reversal","Nuclear reversal"
"Ccnk","Nuclear: decreased at 5 min",-0.34606846476837,1.6341747442370265e-4,0.00433999872492826,0.34388170911768434,2.3411641788526448e-4,0.004951965887269698,TRUE,"Significant reversal","Nuclear reversal"
"Cenpa","Nuclear: decreased at 5 min",-0.5584664851821317,0.0017938661594408194,0.023588685300968148,0.8263929137063389,0.0012793981891778422,0.017517474313430547,TRUE,"Significant reversal","Nuclear reversal"
"Chd1","Nuclear: decreased at 5 min",-0.44925694958792806,1.4211417820761521e-5,6.649836156909579e-4,0.3120357050949731,0.0024857399826708785,0.02805433128556241,TRUE,"Significant reversal","Nuclear reversal"
"Clk1","Nuclear: decreased at 5 min",-0.3464285053899418,0.002515537672163669,0.030551327237299742,0.8815241070053935,0.0016817732440741152,0.021446979374533517,TRUE,"Significant reversal","Nuclear reversal"
"Clk4","Nuclear: decreased at 5 min",-0.42874767230093636,4.436105742176217e-4,0.008765972023250957,0.8066872781354295,3.380246612037831e-6,2.675410673321297e-4,TRUE,"Significant reversal","Nuclear reversal"
"Cwc25","Nuclear: decreased at 5 min",-0.3778075280590278,1.2625977648110622e-5,6.203372381746714e-4,0.41743923297245605,7.536380626547852e-5,0.0022999083961813198,TRUE,"Significant reversal","Nuclear reversal"
"Cxcl14","Nuclear: decreased at 5 min",-0.36536588273092824,0.0025155593710053446,0.030551327237299742,0.5485925908134899,1.831632354329987e-4,0.004123021233563354,TRUE,"Significant reversal","Nuclear reversal"
"Ddx19a","Nuclear: decreased at 5 min",-0.2695445908469521,9.618144921064609e-4,0.015154887529415066,0.26966588504685174,0.0013970725420353832,0.018694789329457364,TRUE,"Significant reversal","Nuclear reversal"
"Dusp1","Nuclear: decreased at 5 min",-0.22845334142009222,1.8728325165119275e-4,0.004831371520519672,0.48811530125602126,4.90146267053935e-7,7.516393005272094e-5,TRUE,"Significant reversal","Nuclear reversal"
"Dusp16","Nuclear: decreased at 5 min",-0.49651359234084214,1.54175499965233e-6,1.2075963616842054e-4,0.9313773574543414,1.8385672009664617e-6,1.7901224144013138e-4,TRUE,"Significant reversal","Nuclear reversal"
"Dyrk2","Nuclear: decreased at 5 min",-0.28371468492427643,1.5875332273743536e-5,7.221805241997397e-4,0.3584793684147971,8.654150093170085e-11,1.17965681492234e-7,TRUE,"Significant reversal","Nuclear reversal"
"Eif3e","Nuclear: decreased at 5 min",-0.20904756057251633,0.0027559684540796867,0.03259110820909691,0.3319210574414025,2.879359003395933e-4,0.005762475734691894,TRUE,"Significant reversal","Nuclear reversal"
"Ell2","Nuclear: decreased at 5 min",-0.31004146037635605,3.8698728464913926e-4,0.008075184478325378,0.4063757087671199,6.562087376657244e-5,0.0020872820062177826,TRUE,"Significant reversal","Nuclear reversal"
"Fam53c","Nuclear: decreased at 5 min",-0.20569416511979136,1.6171842969408631e-4,0.004326768580602424,0.25408740016030845,1.972097901843878e-4,0.004335788003552096,TRUE,"Significant reversal","Nuclear reversal"
"Far1","Nuclear: decreased at 5 min",-0.23989012661457684,1.6631577573507624e-4,0.004395372175844595,0.2994005824018343,1.381814549430114e-4,0.003356851661863097,TRUE,"Significant reversal","Nuclear reversal"
"Fdxacb1","Nuclear: decreased at 5 min",-0.57868438205644,3.01865983980091e-4,0.0069570776563769796,0.818990912962094,4.975720418630484e-6,3.468303300895385e-4,TRUE,"Significant reversal","Nuclear reversal"
"Fermt2","Nuclear: decreased at 5 min",-0.26257931888651737,0.00442344569028865,0.04493705306985903,0.38695280055534725,6.665792468691979e-5,0.002113073436845302,TRUE,"Significant reversal","Nuclear reversal"
"Fosl2","Nuclear: decreased at 5 min",-0.35705717073326537,7.452384925299437e-7,6.65725856674063e-5,0.6547189273663712,1.4115970636418403e-5,7.245804509103806e-4,TRUE,"Significant reversal","Nuclear reversal"
"Gtpbp4","Nuclear: decreased at 5 min",-0.30810452793598697,0.0021108060767359924,0.026716279722996887,0.3607932807704624,0.0015794197761520433,0.02050404424744261,TRUE,"Significant reversal","Nuclear reversal"
"Hipk3","Nuclear: decreased at 5 min",-0.1750034647545588,0.002965439492399183,0.034135714029119024,0.22698336006867478,1.314596049364893e-4,0.0032654819786708425,TRUE,"Significant reversal","Nuclear reversal"
"Hnrnpf","Nuclear: decreased at 5 min",-0.17790089900282405,0.004904012385111363,0.04872010098407052,0.23461540739836773,6.14650857337038e-4,0.010054048957081042,TRUE,"Significant reversal","Nuclear reversal"
"Ints13","Nuclear: decreased at 5 min",-0.48646386384421436,0.0022992198938490797,0.02868800757879025,0.5569700372378398,6.766631951859615e-4,0.010837211590785087,TRUE,"Significant reversal","Nuclear reversal"
"Ints8","Nuclear: decreased at 5 min",-0.23374164240740483,0.004227027158613835,0.04355570691845276,0.3614642887830735,9.178148747341865e-7,1.0998627498273638e-4,TRUE,"Significant reversal","Nuclear reversal"
"Irs1","Nuclear: decreased at 5 min",-0.3248209631683611,3.158131361975316e-4,0.007111182954265557,0.4572257885222181,1.608685003830714e-4,0.003773489030018203,TRUE,"Significant reversal","Nuclear reversal"
"Ivns1abp","Nuclear: decreased at 5 min",-0.1763636192452535,7.847727207876876e-4,0.013124345118559894,0.29006999213543866,3.500403411228931e-6,2.7527531441638795e-4,TRUE,"Significant reversal","Nuclear reversal"
"Jund","Nuclear: decreased at 5 min",-0.2434040150469899,5.1221194135742e-4,0.009764548278893039,0.4250805326816798,3.285128663625449e-4,0.006316921386419593,TRUE,"Significant reversal","Nuclear reversal"
"Kitl","Nuclear: decreased at 5 min",-0.6692074408914118,1.239017542944206e-15,1.2175036928803566e-12,1.0363367655762667,4.3659610479644326e-4,0.007842109829638016,TRUE,"Significant reversal","Nuclear reversal"
"Kpna1","Nuclear: decreased at 5 min",-0.1864358259631847,3.635738542862759e-4,0.0077512224674168755,0.2626234349160568,1.6300495228763372e-4,0.003787395368683126,TRUE,"Significant reversal","Nuclear reversal"
"Lats1","Nuclear: decreased at 5 min",-0.19643780493924448,8.608447134163818e-4,0.013982826018325041,0.2782739305849866,2.3209486735206276e-5,0.001046816114954083,TRUE,"Significant reversal","Nuclear reversal"
"Lmna","Nuclear: decreased at 5 min",-0.31139209610543717,1.0627080478545474e-5,5.418307211915002e-4,0.31606462442263195,4.088444488407379e-4,0.007441696881866725,TRUE,"Significant reversal","Nuclear reversal"
"Mdm2","Nuclear: decreased at 5 min",-0.31980287919792605,1.281086465809841e-5,6.237506130152509e-4,0.4594266621698829,8.830744087944804e-5,0.0024982019036211755,TRUE,"Significant reversal","Nuclear reversal"
"Mul1","Nuclear: decreased at 5 min",-0.3123325221952599,0.0035021753311003903,0.038314790641562874,0.408674842798543,8.404406541758798e-4,0.012650952080281833,TRUE,"Significant reversal","Nuclear reversal"
"Myc","Nuclear: decreased at 5 min",-0.5821726869402081,7.431796516281773e-9,1.580774417789037e-6,0.5228727033041395,1.2687176889310157e-7,2.829932474146491e-5,TRUE,"Significant reversal","Nuclear reversal"
"Nadk2","Nuclear: decreased at 5 min",-0.20739116918992373,0.004790445695252908,0.04794437733332285,0.3095822978911181,4.7588711490605356e-5,0.0017019096393760646,TRUE,"Significant reversal","Nuclear reversal"
"Nampt","Nuclear: decreased at 5 min",-0.18217484709624154,3.297234711523781e-4,0.007314773067390617,0.27555558240824396,3.861219179395676e-5,0.0015018698835147447,TRUE,"Significant reversal","Nuclear reversal"
"Nap1l5","Nuclear: decreased at 5 min",-0.2951111407592202,5.404784081241441e-6,3.37689659734906e-4,0.2837963857550737,0.002375300498969224,0.027259295155616876,TRUE,"Significant reversal","Nuclear reversal"
"Nedd9","Nuclear: decreased at 5 min",-0.6727042950810178,1.896937899042833e-8,3.307097056573223e-6,0.6511407960107365,6.697206860025263e-4,0.010745992077902802,TRUE,"Significant reversal","Nuclear reversal"
"Nfatc2","Nuclear: decreased at 5 min",-0.4382643956987163,7.69677831702483e-6,4.3105946543378957e-4,0.6777620752153419,2.4024925073570522e-6,2.151370662792432e-4,TRUE,"Significant reversal","Nuclear reversal"
"Nup50","Nuclear: decreased at 5 min",-0.2033987938708481,0.0022093280991801224,0.027800497583280494,0.26069125275518407,1.8928472004666968e-4,0.004221723185923591,TRUE,"Significant reversal","Nuclear reversal"
"Pde12","Nuclear: decreased at 5 min",-0.2061246239246411,0.003911932921628229,0.04137385807228917,0.3980899132303167,8.131402039809843e-5,0.0023865081393394053,TRUE,"Significant reversal","Nuclear reversal"
"Peli1","Nuclear: decreased at 5 min",-0.5482350373579711,6.6270124525197956e-12,3.14058592859054e-9,0.9182365481720755,5.572967000236793e-5,0.0018831739917487948,TRUE,"Significant reversal","Nuclear reversal"
"Per2","Nuclear: decreased at 5 min",-0.7270884899797945,3.7497488996210067e-16,5.066379482000433e-13,0.914617115623515,1.3391363470379646e-8,5.476174901820583e-6,TRUE,"Significant reversal","Nuclear reversal"
"Phf8","Nuclear: decreased at 5 min",-0.27306766349764483,2.1477162726102236e-4,0.00531228036399174,0.3966866749654367,2.3438784655819454e-7,4.356772881175652e-5,TRUE,"Significant reversal","Nuclear reversal"
"Ppat","Nuclear: decreased at 5 min",-0.3332789147447888,3.479393629628166e-5,0.0013289316516837755,0.48326214587331795,6.0495960749418745e-5,0.0019897170146752526,TRUE,"Significant reversal","Nuclear reversal"
"Ppm1d","Nuclear: decreased at 5 min",-0.23932040965606163,0.0020614240893579326,0.026249534203020498,0.3902454467063966,1.2442566376982197e-5,6.735139625882045e-4,TRUE,"Significant reversal","Nuclear reversal"
"Ppp1r15a","Nuclear: decreased at 5 min",-0.3763448701653795,1.9430760402230505e-4,0.0049769452414149176,1.0467175146466523,2.3638782595603175e-10,2.860134863172984e-7,TRUE,"Significant reversal","Nuclear reversal"
"Ranbp6","Nuclear: decreased at 5 min",-0.2628230851168653,1.1694654411634081e-4,0.003326513671982968,0.3261970606002149,7.890865172199445e-4,0.012055433864575691,TRUE,"Significant reversal","Nuclear reversal"
"Rbm39","Nuclear: decreased at 5 min",-0.18749568636431757,3.086854767312618e-4,0.007009624617622287,0.30447257701831526,3.207110120609964e-6,2.571930407864936e-4,TRUE,"Significant reversal","Nuclear reversal"
"Rlf","Nuclear: decreased at 5 min",-0.23045376192895867,8.872860975290956e-4,0.014293107940673613,0.36773164850489115,1.8621864932967638e-4,0.004181537181233099,TRUE,"Significant reversal","Nuclear reversal"
"Rngtt","Nuclear: decreased at 5 min",-0.28987993889792274,0.003588561017735488,0.03906219138036545,0.3652784409762653,9.48742495979975e-5,0.0025980296742594495,TRUE,"Significant reversal","Nuclear reversal"
"Rora","Nuclear: decreased at 5 min",-0.42060701851182647,1.1074212138213377e-6,9.28747885322173e-5,0.5989547913509871,5.0131797694203286e-5,0.001752184883511356,TRUE,"Significant reversal","Nuclear reversal"
"S100a10","Nuclear: decreased at 5 min",-0.7323101670984629,3.0617535728643454e-4,0.00697531727546095,0.5462538826256337,0.003481816650557739,0.03568498468591674,TRUE,"Significant reversal","Nuclear reversal"
"Sde2","Nuclear: decreased at 5 min",-0.3222150874732888,3.950259339818073e-6,2.587778982066276e-4,0.3558095647602069,0.0017295390190372986,0.021853260173721013,TRUE,"Significant reversal","Nuclear reversal"
"Skil","Nuclear: decreased at 5 min",-0.1513728563596294,0.0018708476363407183,0.024305278967796662,0.2116768681674768,3.321909026841016e-4,0.006377649443080686,TRUE,"Significant reversal","Nuclear reversal"
"Slc25a25","Nuclear: decreased at 5 min",-0.3153880933909836,3.592557025462856e-5,0.0013625245223939653,0.5329000681609591,7.000332794025399e-7,9.43737172715424e-5,TRUE,"Significant reversal","Nuclear reversal"
"Smad1","Nuclear: decreased at 5 min",-0.2447498205891746,0.003449752542740599,0.0379807746292022,0.4076948105277691,4.77470903687823e-5,0.0017019096393760646,TRUE,"Significant reversal","Nuclear reversal"
"Smad7","Nuclear: decreased at 5 min",-0.30213906174560434,0.0043756875880035994,0.04457757506006683,0.6666619468891858,0.0016118846803701763,0.02082447844465539,TRUE,"Significant reversal","Nuclear reversal"
"Smurf1","Nuclear: decreased at 5 min",-0.2559844210818648,0.003321743460298297,0.03701518047666422,0.238852567874121,0.0024628146382373174,0.027978245199212166,TRUE,"Significant reversal","Nuclear reversal"
"Sos1","Nuclear: decreased at 5 min",-0.18342275365381702,4.224151365715996e-4,0.008500891501992841,0.21056063421031596,6.407425469502991e-6,4.1694437241520375e-4,TRUE,"Significant reversal","Nuclear reversal"
"Sox9","Nuclear: decreased at 5 min",-0.2682832617423903,8.990868980128365e-5,0.0027608608751763493,0.5282894682154607,4.397754799523283e-5,0.0016250498759202302,TRUE,"Significant reversal","Nuclear reversal"
"Spred1","Nuclear: decreased at 5 min",-0.2811565799183632,9.866334888416178e-5,0.0029623670502469572,0.4467993227220351,5.814203091675243e-8,1.6983010363969496e-5,TRUE,"Significant reversal","Nuclear reversal"
"Spty2d1","Nuclear: decreased at 5 min",-0.2536991351879573,3.303570237720681e-4,0.007314773067390617,0.5022687733121821,1.810444987782155e-5,8.992121097211124e-4,TRUE,"Significant reversal","Nuclear reversal"
"Srf","Nuclear: decreased at 5 min",-0.17684295896812846,0.004831139014354425,0.04830692100477056,0.3474488247862382,3.186819089248816e-7,5.4750006214375886e-5,TRUE,"Significant reversal","Nuclear reversal"
"Tra2a","Nuclear: decreased at 5 min",-0.2351272798314728,3.8619178704293015e-4,0.008074172197576465,0.5451111397303092,1.6004489815976717e-7,3.2723846843733726e-5,TRUE,"Significant reversal","Nuclear reversal"
"Tra2b","Nuclear: decreased at 5 min",-0.2898007048662535,1.8192399680526763e-7,2.2458182419267098e-5,0.4458921274899648,1.2554184104701041e-7,2.829932474146491e-5,TRUE,"Significant reversal","Nuclear reversal"
"Trib1","Nuclear: decreased at 5 min",-0.3505311135863972,1.516453587418558e-4,0.0040978367066017984,0.8200571791174952,2.6013681736410235e-7,4.763221605108668e-5,TRUE,"Significant reversal","Nuclear reversal"
"Utp15","Nuclear: decreased at 5 min",-0.29688966441786924,2.867835702655854e-4,0.006666330346238092,0.41390874275511985,3.699559816744414e-4,0.006887131992688994,TRUE,"Significant reversal","Nuclear reversal"
"Yrdc","Nuclear: decreased at 5 min",-0.47568655216062466,1.0713859959288618e-4,0.003138377027098934,0.392212823180989,2.0073702229575065e-4,0.0043958558394869675,TRUE,"Significant reversal","Nuclear reversal"
"Zbtb16","Nuclear: decreased at 5 min",-0.21402542691150783,0.0012723894235914177,0.018678478558919662,0.2512712714857534,0.0050916857615130266,0.047162820629489746,TRUE,"Significant reversal","Nuclear reversal"
"Aars1","Synaptic: increased at 5 min",0.22519950494017169,0.0024381834462242576,0.029880186927707487,-0.22952197316106085,0.019013350370796402,0.11411731034683477,FALSE,"No significant reversal","Synaptic no reversal"
"Abca1","Synaptic: increased at 5 min",0.33272279824283785,4.138595446502341e-5,0.0015061979185603974,-0.17838254745521775,0.02403976598978169,0.1329665686035355,FALSE,"No significant reversal","Synaptic no reversal"
"Abhd12","Synaptic: increased at 5 min",0.16443903094611506,0.0023769973043831936,0.029396983825031964,-0.163676709834316,0.011573888866613195,0.0820742593153819,FALSE,"No significant reversal","Synaptic no reversal"
"Acvr1b","Synaptic: increased at 5 min",0.14293318357012594,0.004586542051380932,0.04619247459898402,-0.17496147657543618,0.0056782643074280775,0.05066250656256557,FALSE,"No significant reversal","Synaptic no reversal"
"Adra1d","Synaptic: increased at 5 min",0.3352382897854193,1.509612106767071e-6,1.1910508950398008e-4,-0.2834160768273697,0.0061640419974741244,0.053308063650647275,FALSE,"No significant reversal","Synaptic no reversal"
"Arl6ip1","Synaptic: increased at 5 min",0.1741927431850902,0.004248896560825583,0.04365620049996552,-0.10996563370500803,0.12822791141962703,0.38194873734898405,FALSE,"No significant reversal","Synaptic no reversal"
"Arrdc3","Synaptic: increased at 5 min",0.27127582249829474,8.644527188382873e-4,0.013987828499884801,0.05617540709370683,0.7070638073753601,0.8820919647726629,FALSE,"No significant reversal","Synaptic no reversal"
"Arsa","Synaptic: increased at 5 min",0.2544645046905154,7.129781175774761e-4,0.01237011311861146,-0.20419373780837674,0.016923267977628907,0.10528126346326137,FALSE,"No significant reversal","Synaptic no reversal"
"Asph","Synaptic: increased at 5 min",0.21584308136356317,5.266427394128331e-4,0.009986809421602303,-0.1367012532309751,0.063301947613094,0.24747874229363837,FALSE,"No significant reversal","Synaptic no reversal"
"Atp1b2","Synaptic: increased at 5 min",0.16132444710421673,0.0012554775923156296,0.018564237066128097,-0.17858887293982853,0.023039073967172072,0.12937267963495364,FALSE,"No significant reversal","Synaptic no reversal"
"Bbc3","Synaptic: increased at 5 min",0.5621927059987469,1.1375903502282375e-5,5.75090058136162e-4,-0.23156757456301535,0.09627688073677299,0.3214819741096165,FALSE,"No significant reversal","Synaptic no reversal"
"Btg2","Synaptic: increased at 5 min",0.39126882019402165,4.190909366179944e-7,4.273541447079152e-5,0.48039579058985665,0.050015488850139705,0.21445790150145513,FALSE,"No significant reversal","Synaptic no reversal"
"Cachd1","Synaptic: increased at 5 min",0.4279044808038101,3.897164644205255e-5,0.0014376946293247303,-0.1649382266711627,0.3003289467834465,0.5971532445930829,FALSE,"No significant reversal","Synaptic no reversal"
"Carf","Synaptic: increased at 5 min",0.3443815227448831,3.600951560647795e-4,0.007722755043460717,-0.2465232705340703,0.022493666257517683,0.1274717583554356,FALSE,"No significant reversal","Synaptic no reversal"
"Chrnb2","Synaptic: increased at 5 min",0.18342443967985692,0.0027631943402831633,0.03259110820909691,-0.14671629064356384,0.01222807993360381,0.08501764342875331,FALSE,"No significant reversal","Synaptic no reversal"
"Cnih3","Synaptic: increased at 5 min",0.19129048118536243,0.0030867499670328242,0.03508366404223258,-0.2559727114694172,0.01331537980900668,0.08995213628683588,FALSE,"No significant reversal","Synaptic no reversal"
"Dact2","Synaptic: increased at 5 min",0.17021841338422827,0.0029056916272438313,0.033627002996658,-0.14942338526646662,0.07864792166145422,0.28294800672807047,FALSE,"No significant reversal","Synaptic no reversal"
"Dagla","Synaptic: increased at 5 min",0.1773081838009004,0.003629814811204505,0.03922344252229159,-0.26490412424320037,0.0064401233824234105,0.05494258251430487,FALSE,"No significant reversal","Synaptic no reversal"
"Dbn1","Synaptic: increased at 5 min",0.12086559650090954,0.0029134319604569915,0.0336805198508873,-0.02555503280690427,0.738211814557785,0.8964602814035865,FALSE,"No significant reversal","Synaptic no reversal"
"Drd5","Synaptic: increased at 5 min",0.2160392361938967,0.004959492605577465,0.04922603817602096,-0.14920941246726604,0.08470589061985791,0.29614473243785033,FALSE,"No significant reversal","Synaptic no reversal"
"Efna5","Synaptic: increased at 5 min",0.6064412170023714,0.0031219109446444506,0.035260956531517104,-0.10046041978242998,0.6337889340055434,0.8440428400325668,FALSE,"No significant reversal","Synaptic no reversal"
"Elavl2","Synaptic: increased at 5 min",0.31328130609905686,0.0030004008682009797,0.034282593006748824,-0.20488408680593098,0.18867948746405663,0.4707941145514797,FALSE,"No significant reversal","Synaptic no reversal"
"Fbn1","Synaptic: increased at 5 min",0.3451611999295826,0.003636033805841074,0.03922344252229159,-0.2770751847207263,0.08499537738080198,0.29648088987992,FALSE,"No significant reversal","Synaptic no reversal"
"Fgfr1","Synaptic: increased at 5 min",0.2313778888905564,5.912100644118193e-4,0.010789648650027992,-0.21323390454236643,0.01402935076446854,0.09343760867453857,FALSE,"No significant reversal","Synaptic no reversal"
"Fzd3","Synaptic: increased at 5 min",0.15643170335458217,0.003160245189217186,0.03554593042603832,-0.15261273173622913,0.023555776815795848,0.13123627156048295,FALSE,"No significant reversal","Synaptic no reversal"
"Gabbr1","Synaptic: increased at 5 min",0.16110453707515007,1.5648113702550908e-4,0.004197033771981955,-0.15808353832858435,0.0059963468233063455,0.052283712031501235,FALSE,"No significant reversal","Synaptic no reversal"
"Gpr155","Synaptic: increased at 5 min",0.24131458522541194,1.2675269220172175e-4,0.0035772058746955885,-0.1516971796776753,0.03705578335432775,0.17750892237051652,FALSE,"No significant reversal","Synaptic no reversal"
"Gpr26","Synaptic: increased at 5 min",0.2279948351574834,1.3346030169168505e-4,0.0037469413012608407,-0.28092427468425807,0.01641759976441655,0.10311209433313273,FALSE,"No significant reversal","Synaptic no reversal"
"Gpr61","Synaptic: increased at 5 min",0.26159488963093835,0.0024221117308505357,0.029764654443337483,-0.1926043622977929,0.01843558731443505,0.11152275292568949,FALSE,"No significant reversal","Synaptic no reversal"
"Gria1","Synaptic: increased at 5 min",0.12883204645197313,7.40552693658463e-4,0.012725968308035495,-0.16714695108738353,0.006404636165880318,0.05469628930934787,FALSE,"No significant reversal","Synaptic no reversal"
"Grid1","Synaptic: increased at 5 min",0.28160587839118245,6.923452300284652e-5,0.002264046429538498,-0.2346017129707526,0.047017203035336526,0.2057086472316364,FALSE,"No significant reversal","Synaptic no reversal"
"Grik3","Synaptic: increased at 5 min",0.3245534222375506,2.6900878319027744e-4,0.0063348931100298675,-0.19809564119623219,0.08205684257099077,0.2901075921213011,FALSE,"No significant reversal","Synaptic no reversal"
"H2-D1","Synaptic: increased at 5 min",0.3744631587904131,0.0029054240263506705,0.033627002996658,-0.2457098694141227,0.07000251611142114,0.26206617871678806,FALSE,"No significant reversal","Synaptic no reversal"
"Homer3","Synaptic: increased at 5 min",0.3032626837165049,7.993271608956798e-4,0.013190728674994509,-0.3175079063446634,0.01106146223166471,0.07945180446402751,FALSE,"No significant reversal","Synaptic no reversal"
"Hrk","Synaptic: increased at 5 min",0.2410518125421238,9.797945763245957e-5,0.002950027736906004,-0.18254431238960744,0.031186018043081014,0.1580622045527497,FALSE,"No significant reversal","Synaptic no reversal"
"Hsp90b1","Synaptic: increased at 5 min",0.2444025397194158,8.704052677856054e-4,0.014042105282827774,-0.14378862111186066,0.040649203620353506,0.18832493580607887,FALSE,"No significant reversal","Synaptic no reversal"
"Htr4","Synaptic: increased at 5 min",0.2106842897451187,0.001703482612978266,0.02290167109910706,-0.005973742282056378,0.9450242008606228,0.9809753380421679,FALSE,"No significant reversal","Synaptic no reversal"
"Il16","Synaptic: increased at 5 min",0.28614978628236776,6.839145818691727e-6,4.017626475773852e-4,-0.06920154771330958,0.4001317471303198,0.688199891693904,FALSE,"No significant reversal","Synaptic no reversal"
"Il1rap","Synaptic: increased at 5 min",0.19121788709734122,7.645179855502984e-4,0.012952468504409365,0.014634881509478465,0.8501279721911882,0.9448911196191494,FALSE,"No significant reversal","Synaptic no reversal"
"Il6st","Synaptic: increased at 5 min",0.23622056017336185,7.75980060504992e-4,0.013044429975114243,-0.14954166216221812,0.1556663191074332,0.4251979062874956,FALSE,"No significant reversal","Synaptic no reversal"
"Itm2c","Synaptic: increased at 5 min",0.1575908044887565,0.00385356883442374,0.040997269223706896,-0.1497721083783349,0.03540390286634144,0.17206118842035406,FALSE,"No significant reversal","Synaptic no reversal"
"Lmbrd1","Synaptic: increased at 5 min",0.23572045850189824,4.6841239634199967e-4,0.009172227521849048,-0.1573380397738326,0.01600838835889242,0.10131021098340905,FALSE,"No significant reversal","Synaptic no reversal"
"Lnpep","Synaptic: increased at 5 min",0.17262896606329983,0.001335415878042519,0.01932330686179597,-0.16932816997181246,0.00554421553773379,0.05008574095502071,FALSE,"No significant reversal","Synaptic no reversal"
"Lrrc55","Synaptic: increased at 5 min",0.33294899023991786,0.004994807024970205,0.04944035634881222,-0.34485294581680576,0.0059555883400590984,0.052136670471856564,FALSE,"No significant reversal","Synaptic no reversal"
"Ly6h","Synaptic: increased at 5 min",0.21177883082577356,5.675244427503088e-4,0.010486105472971088,-0.20716181110603174,0.016338654358494676,0.10284382332991927,FALSE,"No significant reversal","Synaptic no reversal"
"Mctp1","Synaptic: increased at 5 min",0.20980232612293595,0.004218781282115173,0.04355377925346982,-0.1623992080382285,0.04808959657114483,0.20876262234069526,FALSE,"No significant reversal","Synaptic no reversal"
"Mdga1","Synaptic: increased at 5 min",0.2463110433627281,3.297786856812207e-4,0.007314773067390617,-0.12862162368867805,0.30919736591557473,0.6051744232693476,FALSE,"No significant reversal","Synaptic no reversal"
"Mycn","Synaptic: increased at 5 min",0.6011847357733934,2.7956596945392204e-7,3.1477380873202535e-5,-0.3644260446917735,0.007468040476813736,0.06083527262254376,FALSE,"No significant reversal","Synaptic no reversal"
"Negr1","Synaptic: increased at 5 min",0.14565514008282154,0.0025693867204594754,0.030996094934650078,-0.16084492119083035,0.012792788802874672,0.08762810331304662,FALSE,"No significant reversal","Synaptic no reversal"
"Nfe2l1","Synaptic: increased at 5 min",0.18398191041699288,8.246543189440117e-4,0.01350558868706943,-0.1710666024549157,0.058466612854411994,0.2367001332701879,FALSE,"No significant reversal","Synaptic no reversal"
"Nrp1","Synaptic: increased at 5 min",0.1743550669344971,6.781134647581797e-4,0.011879624701087785,-0.15796461602394166,0.008304439356499584,0.06522334316615677,FALSE,"No significant reversal","Synaptic no reversal"
"Prkcsh","Synaptic: increased at 5 min",0.2324720894824231,0.001697873009486356,0.022883178752541176,-0.1793772936285238,0.007875899418306263,0.06306888646460918,FALSE,"No significant reversal","Synaptic no reversal"
"Prox1","Synaptic: increased at 5 min",0.22968085751677092,7.058192111521439e-6,4.0919371286287227e-4,-0.23576327851007903,0.008372323032903152,0.06562237204065702,FALSE,"No significant reversal","Synaptic no reversal"
"Ric3","Synaptic: increased at 5 min",0.18111314298867692,3.652166335326505e-4,0.0077623180940720295,-0.190158797948741,0.007600495196048534,0.06161906240456413,FALSE,"No significant reversal","Synaptic no reversal"
"Scn2a","Synaptic: increased at 5 min",0.14222052600789134,0.0026606778029940616,0.03178189304468699,-0.21628064676699138,0.011509148533386289,0.08185172997541043,FALSE,"No significant reversal","Synaptic no reversal"
"Sesn2","Synaptic: increased at 5 min",0.3322171118712522,0.0015065438498185464,0.021034175503205552,-0.268329822312204,0.007342470210941556,0.06009167748354304,FALSE,"No significant reversal","Synaptic no reversal"
"Slc16a2","Synaptic: increased at 5 min",0.24990702399224388,0.004884457286691061,0.04861872427331588,-0.30010787740274464,0.005629537287677676,0.05059572413569944,FALSE,"No significant reversal","Synaptic no reversal"
"Slc18b1","Synaptic: increased at 5 min",0.2645538729835721,0.0037370236388193064,0.04011269961469502,-0.19684375276558258,0.0450719950370034,0.2010673628658221,FALSE,"No significant reversal","Synaptic no reversal"
"Slc1a2","Synaptic: increased at 5 min",0.20837170102405697,0.0021449628652161117,0.027085167768832887,-0.13022935998281512,0.16683483415877143,0.4406307309924236,FALSE,"No significant reversal","Synaptic no reversal"
"Slc29a2","Synaptic: increased at 5 min",0.2748074905376106,0.0033293109705227245,0.03706129997979416,-0.0714095552867654,0.4227442538388742,0.7070520117376017,FALSE,"No significant reversal","Synaptic no reversal"
"Slc2a1","Synaptic: increased at 5 min",0.24266397890381325,0.0010085942756451799,0.01573145097467352,0.11703983866310373,0.3695454142573777,0.6642870835683875,FALSE,"No significant reversal","Synaptic no reversal"
"Slc33a1","Synaptic: increased at 5 min",0.31703934903845354,1.6937335361972724e-5,7.515821720410277e-4,-0.1531115321756462,0.09513680914761184,0.31891623530860247,FALSE,"No significant reversal","Synaptic no reversal"
"Slc38a2","Synaptic: increased at 5 min",0.28843871782139907,7.892818560938112e-6,4.3750500423169256e-4,-0.13593783085444866,0.014640047220524914,0.09563583562374847,FALSE,"No significant reversal","Synaptic no reversal"
"Slc4a10","Synaptic: increased at 5 min",0.16872432947754376,8.127746847465866e-4,0.013351491743808291,-0.1623035170143955,0.05926090067412218,0.23828670254674889,FALSE,"No significant reversal","Synaptic no reversal"
"Slc4a7","Synaptic: increased at 5 min",0.29785524077732844,1.768824414173265e-7,2.22316547590684e-5,-0.1438592856975063,0.06140306620943657,0.24299768266366706,FALSE,"No significant reversal","Synaptic no reversal"
"Slc7a1","Synaptic: increased at 5 min",0.3580410503854963,1.005996804438563e-7,1.4121843453475878e-5,-0.20752093007826566,0.006859289338768242,0.05728370429408359,FALSE,"No significant reversal","Synaptic no reversal"
"Slc9a4","Synaptic: increased at 5 min",0.32420445310598145,3.4234787249880043e-4,0.007460560794031319,-0.3878205535049759,0.023636753502929354,0.13150825032831623,FALSE,"No significant reversal","Synaptic no reversal"
"Slit2","Synaptic: increased at 5 min",0.4473321954047163,1.6210123010951748e-6,1.2515372830384104e-4,-0.41779555093668913,0.047905241329222914,0.2081095965392729,FALSE,"No significant reversal","Synaptic no reversal"
"Sorcs2","Synaptic: increased at 5 min",0.2686184833134745,5.4799338594598196e-5,0.0018568214760784072,-0.18360953423454088,0.13854473290698122,0.3982344125834933,FALSE,"No significant reversal","Synaptic no reversal"
"Stc2","Synaptic: increased at 5 min",1.0491797605958735,6.160616593309154e-16,6.659010475707865e-13,-0.5377139014840456,0.007604439230560001,0.06161906240456413,FALSE,"No significant reversal","Synaptic no reversal"
"Sv2b","Synaptic: increased at 5 min",0.16908106411018833,9.077520060737523e-4,0.014557702423814819,-0.23171833814669246,0.00993865129088291,0.07367212932722146,FALSE,"No significant reversal","Synaptic no reversal"
"Sypl2","Synaptic: increased at 5 min",0.493710294439061,0.0014955147849234937,0.020966302607312637,-0.5091957471888073,0.005613539110192906,0.050488928008685166,FALSE,"No significant reversal","Synaptic no reversal"
"Syt13","Synaptic: increased at 5 min",0.1711915254226637,0.002872557516764931,0.03338653139646467,-0.154341701855139,0.014750477032291393,0.09610135540740881,FALSE,"No significant reversal","Synaptic no reversal"
"Tab1","Synaptic: increased at 5 min",0.31818724095541184,0.002126490081936391,0.026883311456901107,-0.16308558025380787,0.10401802269671395,0.3361755238171667,FALSE,"No significant reversal","Synaptic no reversal"
"Tafa2","Synaptic: increased at 5 min",0.1985239465503919,0.0026125615753428786,0.03130729275818312,-0.14964638737536662,0.04160741866871487,0.1909613962692832,FALSE,"No significant reversal","Synaptic no reversal"
"Vegfa","Synaptic: increased at 5 min",0.4186740142635136,5.290909513980505e-4,0.009998154009897776,0.04985529655672951,0.6955982785062629,0.8763195400200076,FALSE,"No significant reversal","Synaptic no reversal"
"Vmp1","Synaptic: increased at 5 min",0.22331095735439654,0.0013307632628711099,0.01930751563184126,-0.25772897715985793,0.007536845824375431,0.06131433990281021,FALSE,"No significant reversal","Synaptic no reversal"
"Zmpste24","Synaptic: increased at 5 min",0.3211795410760297,7.837502897788767e-6,4.366781898051484e-4,-0.15273742424522344,0.021448179237024717,0.12376588094064875,FALSE,"No significant reversal","Synaptic no reversal"
"AU040320","Synaptic: increased at 5 min",0.2151952156358535,4.425770846351493e-5,0.0015788170652875672,-0.2206593290586464,3.730218392238155e-6,2.8315799547820424e-4,TRUE,"Significant reversal","Synaptic reversal"
"Abca2","Synaptic: increased at 5 min",0.2203409684105068,4.280161025092508e-5,0.001549670454251803,-0.28791539369448077,0.0019869391546933506,0.02413442529680993,TRUE,"Significant reversal","Synaptic reversal"
"Abcc8","Synaptic: increased at 5 min",0.29181923742715993,1.6839623044653378e-4,0.004428697943787308,-0.3039775270254471,7.121730278356787e-4,0.011126554774359351,TRUE,"Significant reversal","Synaptic reversal"
"Ache","Synaptic: increased at 5 min",0.34835645101613766,3.940361700394224e-4,0.008174926990318842,-0.45064881991646943,2.257019235914117e-5,0.001037280269560389,TRUE,"Significant reversal","Synaptic reversal"
"Acsl5","Synaptic: increased at 5 min",0.16054340539934123,0.003959478370329123,0.04163229737829523,-0.2150781837002925,2.4869021560110497e-5,0.0011014193375430887,TRUE,"Significant reversal","Synaptic reversal"
"Adam11","Synaptic: increased at 5 min",0.28313793562952516,7.079214016593313e-6,4.0919371286287227e-4,-0.33502783482408466,1.3716631298005873e-4,0.003354514964848045,TRUE,"Significant reversal","Synaptic reversal"
"Adam15","Synaptic: increased at 5 min",0.2321351260617598,0.001868292316018096,0.024301289583441153,-0.4940040300624579,9.530008390978298e-7,1.1211296800094959e-4,TRUE,"Significant reversal","Synaptic reversal"
"Adgrl1","Synaptic: increased at 5 min",0.24094745264606782,7.458552623484216e-9,1.580774417789037e-6,-0.3092978888418517,9.622029224781622e-6,5.464956228223191e-4,TRUE,"Significant reversal","Synaptic reversal"
"Agrn","Synaptic: increased at 5 min",0.17385599817138428,0.0012250552872515082,0.018314830705258026,-0.28079503460619243,2.0296576841060602e-4,0.004422707010410861,TRUE,"Significant reversal","Synaptic reversal"
"Alg2","Synaptic: increased at 5 min",0.1753728760229355,0.002364346106863379,0.029301252226948283,-0.29245669172526,4.982963413503643e-5,0.001751604445755378,TRUE,"Significant reversal","Synaptic reversal"
"Amigo1","Synaptic: increased at 5 min",0.24512297102617722,3.782796304748857e-4,0.007954911528799688,-0.2636544407877808,2.9039844186511593e-5,0.0012334599098348614,TRUE,"Significant reversal","Synaptic reversal"
"Anxa11","Synaptic: increased at 5 min",0.22318238079143954,1.195401679881936e-4,0.003382486062262787,-0.21873679759299938,0.00152950056212021,0.020154578835758042,TRUE,"Significant reversal","Synaptic reversal"
"Aplp1","Synaptic: increased at 5 min",0.17603295492397608,3.035324869901159e-4,0.00697531727546095,-0.2786135217137435,8.913651480569916e-5,0.0024982019036211755,TRUE,"Significant reversal","Synaptic reversal"
"Aplp2","Synaptic: increased at 5 min",0.22324174756884013,5.0335382486780905e-6,3.186882430474185e-4,-0.28923245879502074,8.492580375581801e-8,2.264934261905164e-5,TRUE,"Significant reversal","Synaptic reversal"
"Arl6ip5","Synaptic: increased at 5 min",0.21919126769543276,3.394665388301341e-6,2.2933086363843247e-4,-0.1621611925467134,2.1867791963054763e-5,0.001032876953463754,TRUE,"Significant reversal","Synaptic reversal"
"Arsb","Synaptic: increased at 5 min",0.28204876146582,5.470098618260211e-11,2.3650518385909848e-8,-0.3754062904630427,2.564516098378124e-10,2.860134863172984e-7,TRUE,"Significant reversal","Synaptic reversal"
"Atf5","Synaptic: increased at 5 min",0.9540565741682789,5.363572046311186e-21,1.4493712562144403e-17,-0.6623456483948235,1.4022157001134384e-11,3.4404764417983324e-8,TRUE,"Significant reversal","Synaptic reversal"
"Atp1a1","Synaptic: increased at 5 min",0.21206078022978603,5.962952610644279e-4,0.010832530213185549,-0.29308701206478444,1.1102716682424845e-5,6.135501272972432e-4,TRUE,"Significant reversal","Synaptic reversal"
"Atp1a3","Synaptic: increased at 5 min",0.22612835314802268,2.8381945909073784e-8,4.648188686836039e-6,-0.2900632992972341,4.936696262341566e-6,3.460765128366076e-4,TRUE,"Significant reversal","Synaptic reversal"
"Atp1b1","Synaptic: increased at 5 min",0.15188594347154888,4.887167574032725e-4,0.009466916542602101,-0.20003289027310708,4.157829199704074e-5,0.0015743286611719005,TRUE,"Significant reversal","Synaptic reversal"
"Atp2a2","Synaptic: increased at 5 min",0.22654378140748663,5.294871253465348e-7,5.156059763847472e-5,-0.2431783361282722,6.0994054456050955e-5,0.0019998637299400695,TRUE,"Significant reversal","Synaptic reversal"
"Atp2b2","Synaptic: increased at 5 min",0.1535960811293473,3.141422939720895e-4,0.007103690492770535,-0.2647896126546397,1.4788330716929417e-4,0.0035296350434881343,TRUE,"Significant reversal","Synaptic reversal"
"Atp2b3","Synaptic: increased at 5 min",0.17947765420490627,2.5281970947213484e-4,0.006055641396044736,-0.254357905628311,1.5937364948198632e-4,0.003745586076331433,TRUE,"Significant reversal","Synaptic reversal"
"Atp6ap1","Synaptic: increased at 5 min",0.2629555474847369,1.4712293365598545e-5,6.82511497805814e-4,-0.22524596675005934,4.405937265257188e-4,0.007890808521193457,TRUE,"Significant reversal","Synaptic reversal"
"Atp6v0b","Synaptic: increased at 5 min",0.1701816452419916,0.0032945832162482955,0.03682642190737107,-0.25657526137341446,2.905688897475342e-5,0.0012334599098348614,TRUE,"Significant reversal","Synaptic reversal"
"Atp6v0c","Synaptic: increased at 5 min",0.15912385063406248,3.9721198963640593e-4,0.00819159596622194,-0.21165447617900474,2.120712631921604e-5,0.001016285256578681,TRUE,"Significant reversal","Synaptic reversal"
"Atrn","Synaptic: increased at 5 min",0.21752965795029666,1.2696623511441623e-6,1.039680329811913e-4,-0.28322130749646773,3.112244788107182e-4,0.0060317565656396385,TRUE,"Significant reversal","Synaptic reversal"
"B4galnt1","Synaptic: increased at 5 min",0.15109616162601086,0.0010784309158829153,0.01665251395682633,-0.2307691074089203,9.309443906472523e-4,0.01361242644155005,TRUE,"Significant reversal","Synaptic reversal"
"B4galt6","Synaptic: increased at 5 min",0.15936667453955358,0.004226029882975619,0.04355570691845276,-0.1508065214278736,0.0035232149193581298,0.035959068744330726,TRUE,"Significant reversal","Synaptic reversal"
"B4gat1","Synaptic: increased at 5 min",0.20696195935469477,1.9559632484432836e-4,0.004998110343362518,-0.33026302526933865,8.382846247183902e-7,1.0755278835233879e-4,TRUE,"Significant reversal","Synaptic reversal"
"Bace1","Synaptic: increased at 5 min",0.2006686322338486,5.643024062583143e-4,0.01046234083918717,-0.2963950555733258,4.35521616662402e-4,0.007834280341956521,TRUE,"Significant reversal","Synaptic reversal"
"Bsg","Synaptic: increased at 5 min",0.18037078593876313,7.441148361498133e-4,0.012748148375416228,-0.2243963062201838,4.2099838085058475e-4,0.007613783234369449,TRUE,"Significant reversal","Synaptic reversal"
"Cacna1b","Synaptic: increased at 5 min",0.2726482902227894,3.260826652358436e-7,3.4897302262715184e-5,-0.33197147922527975,5.897624765784042e-4,0.009737827809776396,TRUE,"Significant reversal","Synaptic reversal"
"Cacna1c","Synaptic: increased at 5 min",0.23583877444568888,1.648912541245112e-5,7.395475376895607e-4,-0.2647080771141988,0.0011552804106155958,0.01617920100163485,TRUE,"Significant reversal","Synaptic reversal"
"Cacna1e","Synaptic: increased at 5 min",0.1706613060285216,5.575634903610639e-4,0.010380437584221634,-0.20152804881559083,0.0023895432863455324,0.027371537849567685,TRUE,"Significant reversal","Synaptic reversal"
"Cacna2d1","Synaptic: increased at 5 min",0.1877337682623275,4.492160867233616e-5,0.0015972291715107946,-0.28372437239717174,3.9635312070624395e-6,2.922433950363779e-4,TRUE,"Significant reversal","Synaptic reversal"
"Cacng8","Synaptic: increased at 5 min",0.23730264608877014,1.3480831693678185e-4,0.003774982118574287,-0.3039678459104592,9.776391592701385e-4,0.01414348727113922,TRUE,"Significant reversal","Synaptic reversal"
"Canx","Synaptic: increased at 5 min",0.2670591439451709,6.550030882547124e-5,0.0021719453146553606,-0.26435091973611097,7.35267950138585e-4,0.01139840891634215,TRUE,"Significant reversal","Synaptic reversal"
"Cd47","Synaptic: increased at 5 min",0.2695782654339142,2.531848338958353e-6,1.824449913053389e-4,-0.2406921073355947,4.928056246010799e-5,0.001737281437530474,TRUE,"Significant reversal","Synaptic reversal"
"Cd81","Synaptic: increased at 5 min",0.24727072167298605,4.853879976340805e-5,0.0017034282033853167,-0.21861654317833543,1.627237824916741e-4,0.003787395368683126,TRUE,"Significant reversal","Synaptic reversal"
"Cdh2","Synaptic: increased at 5 min",0.22892423531511294,5.110623499592382e-5,0.0017536739494315573,-0.2844907266963423,6.621233397862439e-8,1.889053286627358e-5,TRUE,"Significant reversal","Synaptic reversal"
"Chrm1","Synaptic: increased at 5 min",0.24482912678916008,3.3519932471580173e-7,3.528871717089003e-5,-0.25297486779176065,1.4216957339389642e-4,0.0034198751497967086,TRUE,"Significant reversal","Synaptic reversal"
"Chst11","Synaptic: increased at 5 min",0.18286825363674,6.280825572774459e-4,0.01116602691054591,-0.20302853014440522,0.003772081629589632,0.037776242801473965,TRUE,"Significant reversal","Synaptic reversal"
"Clcn3","Synaptic: increased at 5 min",0.19298781244001922,3.9993543317747775e-4,0.00819159596622194,-0.17940548738030215,9.721980509242963e-4,0.014081376255890517,TRUE,"Significant reversal","Synaptic reversal"
"Cln6","Synaptic: increased at 5 min",0.4268822228452809,2.778251214106092e-5,0.0011163612406421097,-0.5412643087215416,9.547607577962499e-8,2.3783238450467853e-5,TRUE,"Significant reversal","Synaptic reversal"
"Clptm1","Synaptic: increased at 5 min",0.21208791276660582,9.658538040780653e-4,0.015196381030974976,-0.22884993612204338,0.0023067874466207875,0.026824330232363813,TRUE,"Significant reversal","Synaptic reversal"
"Clstn1","Synaptic: increased at 5 min",0.19948971615839606,3.8294632840188197e-4,0.00802183500716268,-0.23528242115016454,0.0016242259123855798,0.020909378900713028,TRUE,"Significant reversal","Synaptic reversal"
"Clstn2","Synaptic: increased at 5 min",0.36238632706802243,3.215273804904838e-15,2.6733765044012613e-12,-0.44666182764521256,3.381693012119964e-18,2.074330493634386e-14,TRUE,"Significant reversal","Synaptic reversal"
"Clstn3","Synaptic: increased at 5 min",0.1797321346498558,2.0448276761451592e-4,0.0051521077742314745,-0.3204510129538785,2.1352193644302926e-5,0.001019255687269682,TRUE,"Significant reversal","Synaptic reversal"
"Cntn1","Synaptic: increased at 5 min",0.22475386299228148,2.975005136067117e-7,3.31513716657211e-5,-0.3362878532985455,1.755754416022465e-7,3.4923611982485234e-5,TRUE,"Significant reversal","Synaptic reversal"
"Cntnap2","Synaptic: increased at 5 min",0.15334085988824864,0.003094730401917137,0.03510067252289857,-0.2567933944938026,0.002178016285578756,0.025692215184115557,TRUE,"Significant reversal","Synaptic reversal"
"Crim1","Synaptic: increased at 5 min",0.21353758878961077,6.2166211288771444e-6,3.753936188940394e-4,-0.2942006188613849,1.9431919309215683e-4,0.004295539514211216,TRUE,"Significant reversal","Synaptic reversal"
"Csmd1","Synaptic: increased at 5 min",0.15675726320946964,0.0016871243055462991,0.022795158273312435,-0.22510969758420846,2.967112131178231e-5,0.0012551907456998116,TRUE,"Significant reversal","Synaptic reversal"
"Ctsb","Synaptic: increased at 5 min",0.22293370040159693,2.0409118292202908e-4,0.0051521077742314745,-0.20670626803616352,0.001780395451077987,0.022242251928538435,TRUE,"Significant reversal","Synaptic reversal"
"Ctsd","Synaptic: increased at 5 min",0.272966762173147,1.7527945658375454e-6,1.3391942912420175e-4,-0.28068200204843596,1.9648690867011047e-6,1.8686057329960585e-4,TRUE,"Significant reversal","Synaptic reversal"
"Dcc","Synaptic: increased at 5 min",0.3152846135862781,1.6416972429042658e-7,2.1125125593514533e-5,-0.30980453098327804,1.3397506291447447e-7,2.9350108425620945e-5,TRUE,"Significant reversal","Synaptic reversal"
"Dgcr2","Synaptic: increased at 5 min",0.21655147137318864,2.6741407782133905e-4,0.006311089011290074,-0.24219347505426872,2.2915993346652238e-5,0.0010384647827840889,TRUE,"Significant reversal","Synaptic reversal"
"Dpp6","Synaptic: increased at 5 min",0.15528950094621605,1.4757812100368864e-4,0.00400796962293686,-0.24342463844822512,6.567418115422759e-5,0.0020872820062177826,TRUE,"Significant reversal","Synaptic reversal"
"Drd1","Synaptic: increased at 5 min",0.854324163268645,4.889918704147049e-7,4.9397318946846224e-5,-0.8788517882642788,1.8067490117768436e-6,1.7732157501182654e-4,TRUE,"Significant reversal","Synaptic reversal"
"Epha4","Synaptic: increased at 5 min",0.1995252218237015,6.668528425307703e-5,0.002197564748449724,-0.28186707709343056,1.0766069067451043e-5,6.003551605431337e-4,TRUE,"Significant reversal","Synaptic reversal"
"Epha7","Synaptic: increased at 5 min",0.2089239022171526,6.5541483002927066e-6,3.892515877904608e-4,-0.21663835320974031,0.001817280666950824,0.022542365239790405,TRUE,"Significant reversal","Synaptic reversal"
"Ephb2","Synaptic: increased at 5 min",0.2862988130793237,1.9824454607657364e-4,0.005041941878921611,-0.2756784022992645,8.329821612074046e-4,0.012569526634308045,TRUE,"Significant reversal","Synaptic reversal"
"Faim2","Synaptic: increased at 5 min",0.19923609902933662,6.4751374172548076e-6,3.866837588016973e-4,-0.2205924165996691,1.8037538986591968e-5,8.992121097211124e-4,TRUE,"Significant reversal","Synaptic reversal"
"Fkrp","Synaptic: increased at 5 min",0.29239436551969156,5.431660157161326e-4,0.010210576458914222,-0.2584299686169608,6.078537404139706e-4,0.009982797439623282,TRUE,"Significant reversal","Synaptic reversal"
"Fstl5","Synaptic: increased at 5 min",0.5932875907276985,5.377648611341259e-7,5.189911057141757e-5,-0.5913571302044055,3.615633355275265e-5,0.0014448400652285651,TRUE,"Significant reversal","Synaptic reversal"
"Gaa","Synaptic: increased at 5 min",0.23767101059257847,8.22750550121048e-6,4.468899847366034e-4,-0.35743250001294435,5.878966325236118e-6,3.941156222841349e-4,TRUE,"Significant reversal","Synaptic reversal"
"Gabrb1","Synaptic: increased at 5 min",0.23637104297985775,5.701566349120546e-6,3.499165543448443e-4,-0.2773031189037461,6.239903116014365e-5,0.0020274917113830117,TRUE,"Significant reversal","Synaptic reversal"
"Gabrb3","Synaptic: increased at 5 min",0.17875506952153994,9.919214517167253e-6,5.129989938567504e-4,-0.18139571871352148,0.0010628066492137185,0.015108356862750751,TRUE,"Significant reversal","Synaptic reversal"
"Gabrd","Synaptic: increased at 5 min",0.2649572536931131,7.871853149681142e-4,0.013124345118559894,-0.31198690056316414,2.022466709960249e-5,9.806965058415942e-4,TRUE,"Significant reversal","Synaptic reversal"
"Gabrg2","Synaptic: increased at 5 min",0.18819362257797967,3.3317558804860064e-5,0.001300106473363655,-0.25163354805690336,2.246232019545632e-5,0.001037280269560389,TRUE,"Significant reversal","Synaptic reversal"
"Glg1","Synaptic: increased at 5 min",0.24354797108357965,6.678950650676997e-7,6.016064798597305e-5,-0.32688718445922155,1.2517214172653295e-5,6.735139625882045e-4,TRUE,"Significant reversal","Synaptic reversal"
"Gpc1","Synaptic: increased at 5 min",0.28867709976420897,4.0014457120595657e-4,0.00819159596622194,-0.34494165724674436,3.928710247758048e-4,0.00720439720769742,TRUE,"Significant reversal","Synaptic reversal"
"Gpc4","Synaptic: increased at 5 min",0.21348344152771306,0.0017256157345064416,0.023055847310605844,-0.34157388692872764,1.2479935547800167e-5,6.735139625882045e-4,TRUE,"Significant reversal","Synaptic reversal"
"Gpm6a","Synaptic: increased at 5 min",0.20571032884621754,1.2472389639487255e-5,6.198375642508945e-4,-0.15855678755644287,0.0017210627574771186,0.021811981310670754,TRUE,"Significant reversal","Synaptic reversal"
"Gpm6b","Synaptic: increased at 5 min",0.23338273030446025,9.308516539545686e-5,0.00283424662749153,-0.1852346736213183,0.002547122842582232,0.028423328199467017,TRUE,"Significant reversal","Synaptic reversal"
"Gpr12","Synaptic: increased at 5 min",0.3645915308638543,4.829085945498931e-5,0.0017002472307784346,-0.3734187819553299,1.3358304891594078e-5,7.03346285021786e-4,TRUE,"Significant reversal","Synaptic reversal"
"Gpr158","Synaptic: increased at 5 min",0.21617916424268893,9.899473579321525e-6,5.129989938567504e-4,-0.2948547480128186,9.764454866660848e-7,1.1211296800094959e-4,TRUE,"Significant reversal","Synaptic reversal"
"Gpr83","Synaptic: increased at 5 min",0.5187953295340727,2.340222586764727e-5,9.766589166154414e-4,-0.5403329807493652,1.107529887834151e-5,6.135501272972432e-4,TRUE,"Significant reversal","Synaptic reversal"
"Gprc5b","Synaptic: increased at 5 min",0.2890983219970932,4.375084660651665e-5,0.001576343003232795,-0.2554659207975808,4.745540479712778e-4,0.008293203789902616,TRUE,"Significant reversal","Synaptic reversal"
"Grin1","Synaptic: increased at 5 min",0.16183280336415745,4.2445192145153644e-4,0.008500891501992841,-0.24424220555679962,0.001205827067887376,0.016677662309856064,TRUE,"Significant reversal","Synaptic reversal"
"Grin2a","Synaptic: increased at 5 min",0.13701748131472985,0.0036202909556863824,0.03921014523047506,-0.21648686026246317,0.0038251934098547887,0.03821455435838644,TRUE,"Significant reversal","Synaptic reversal"
"Grina","Synaptic: increased at 5 min",0.15659094689545278,1.0623889894636636e-4,0.0031204789638893315,-0.29685527040007825,3.607437766905643e-6,2.7833991524778886e-4,TRUE,"Significant reversal","Synaptic reversal"
"Grm2","Synaptic: increased at 5 min",0.3600635825815402,8.219455466814934e-11,3.290522005214912e-8,-0.4406482322509602,1.0932536443402667e-4,0.0028767163911230954,TRUE,"Significant reversal","Synaptic reversal"
"Grn","Synaptic: increased at 5 min",0.3943282757499587,1.2228619774916455e-6,1.0090011537944425e-4,-0.49936315315502033,1.7649689785735933e-7,3.4923611982485234e-5,TRUE,"Significant reversal","Synaptic reversal"
"Hapln4","Synaptic: increased at 5 min",0.22925732684094094,2.825855311823186e-4,0.006608162568880207,-0.3521252862342774,1.3475540486204853e-4,0.003319637162344601,TRUE,"Significant reversal","Synaptic reversal"
"Hyou1","Synaptic: increased at 5 min",0.31808092268155375,1.0465026955232755e-8,2.0947495622057566e-6,-0.33012885709794765,1.5349316394656445e-6,1.5692117794137105e-4,TRUE,"Significant reversal","Synaptic reversal"
"Icam5","Synaptic: increased at 5 min",0.18854225044750034,6.294261655993468e-4,0.011171539284012053,-0.2527557809702897,0.0016370276542394227,0.020985428696143404,TRUE,"Significant reversal","Synaptic reversal"
"Insr","Synaptic: increased at 5 min",0.17133688566315627,0.0027709527656730555,0.03259110820909691,-0.35860472491217865,2.7407477722853947e-4,0.005585297951893226,TRUE,"Significant reversal","Synaptic reversal"
"Islr2","Synaptic: increased at 5 min",0.49246533153565963,5.23167817648827e-10,1.570811372490603e-7,-0.5385740254229027,2.3666150156105717e-12,9.677877670503498e-9,TRUE,"Significant reversal","Synaptic reversal"
"Kcna1","Synaptic: increased at 5 min",0.29357007255898554,1.011376472806609e-9,2.7329920736416596e-7,-0.30794199557816815,8.571164858713139e-7,1.0840314483164205e-4,TRUE,"Significant reversal","Synaptic reversal"
"Kcnc1","Synaptic: increased at 5 min",0.27056686774790134,3.366631129581549e-5,0.0013042980602024003,-0.3592532416206981,2.0425905757267525e-8,7.527040016405602e-6,TRUE,"Significant reversal","Synaptic reversal"
"Kcng2","Synaptic: increased at 5 min",0.3920014644734529,1.4047147148802953e-4,0.003887099785198768,-0.5782568895560969,1.0791099779738216e-9,7.78736541751932e-7,TRUE,"Significant reversal","Synaptic reversal"
"Kcnj11","Synaptic: increased at 5 min",0.28168908184175573,0.0018535844275298977,0.02416814725834821,-0.25599479296728617,0.0017904407669329318,0.022322283870663828,TRUE,"Significant reversal","Synaptic reversal"
"Kcnj4","Synaptic: increased at 5 min",0.25777565851472195,0.0011091319220137429,0.01698102966720474,-0.3240602758637078,7.811049563964286e-5,0.002331531777389632,TRUE,"Significant reversal","Synaptic reversal"
"Kcnk1","Synaptic: increased at 5 min",0.2532592057510124,1.6983680996402427e-4,0.004455742909954219,-0.3362256802787146,1.2383422502732896e-4,0.0031649964013234825,TRUE,"Significant reversal","Synaptic reversal"
"Kcnq5","Synaptic: increased at 5 min",0.35834873993005206,3.406344315056983e-8,5.4953993584255124e-6,-0.392839713419707,3.0547168446428895e-5,0.001270348008477253,TRUE,"Significant reversal","Synaptic reversal"
"Kndc1","Synaptic: increased at 5 min",0.2071454739598034,0.0014529934795916937,0.0205568148179406,-0.38033279734605524,6.534819284991998e-9,3.206766519531273e-6,TRUE,"Significant reversal","Synaptic reversal"
"Ldlr","Synaptic: increased at 5 min",0.7412293278302107,3.565378401073717e-8,5.667378696647913e-6,-0.7215342419316234,2.711595260423644e-5,0.0011754717545893027,TRUE,"Significant reversal","Synaptic reversal"
"Lgi1","Synaptic: increased at 5 min",0.24932998989964492,2.2258208185213143e-7,2.5869781964942887e-5,-0.30654873994310217,3.528953702519996e-6,2.757528918631549e-4,TRUE,"Significant reversal","Synaptic reversal"
"Lrfn4","Synaptic: increased at 5 min",0.2115555001532335,0.004649628891359913,0.04670892374951932,-0.2716689694881124,3.0880562390875565e-4,0.006014293711546438,TRUE,"Significant reversal","Synaptic reversal"
"Lrp1","Synaptic: increased at 5 min",0.22957726306502813,1.49466920306614e-4,0.0040490925854491,-0.4951828372351415,3.378250023141471e-5,0.0013768894114252347,TRUE,"Significant reversal","Synaptic reversal"
"Lrrc4b","Synaptic: increased at 5 min",0.22249036397895514,1.0994228179773556e-4,0.0031945325912680744,-0.2868057293517944,6.85301090140262e-5,0.0021392554131910266,TRUE,"Significant reversal","Synaptic reversal"
"Lrtm2","Synaptic: increased at 5 min",0.37490513172964307,2.5705480166899247e-6,1.840069769033205e-4,-0.29154225199241035,1.8096632744818338e-4,0.004088572569308129,TRUE,"Significant reversal","Synaptic reversal"
"Lsamp","Synaptic: increased at 5 min",0.18879635598226036,1.7728645546766704e-5,7.758256263765235e-4,-0.24370394414653027,2.2939676893910018e-5,0.0010384647827840889,TRUE,"Significant reversal","Synaptic reversal"
"Ly6e","Synaptic: increased at 5 min",0.27626005720881763,9.98014521722607e-4,0.015588929140606443,-0.3406472970617461,9.998387440866617e-5,0.0027056325005943463,TRUE,"Significant reversal","Synaptic reversal"
"Man2b1","Synaptic: increased at 5 min",0.3025908755442618,7.576454549735943e-5,0.002422896367695142,-0.3126251232976589,1.887881243333412e-6,1.809416179157367e-4,TRUE,"Significant reversal","Synaptic reversal"
"Megf8","Synaptic: increased at 5 min",0.29445071944378653,1.0604830502865505e-7,1.4695847808394004e-5,-0.3830045012697003,2.3573108280365122e-5,0.0010593219501227812,TRUE,"Significant reversal","Synaptic reversal"
"Megf9","Synaptic: increased at 5 min",0.23552011281342913,1.7369805528848546e-5,7.632123087858696e-4,-0.2983365127063563,2.534145594367509e-4,0.005278250959541699,TRUE,"Significant reversal","Synaptic reversal"
"Mfsd12","Synaptic: increased at 5 min",0.28358272203573665,3.885659598918676e-4,0.00809250377740115,-0.3578333800571637,4.631630342429043e-6,3.2655655770643397e-4,TRUE,"Significant reversal","Synaptic reversal"
"Mgat3","Synaptic: increased at 5 min",0.2550575821327901,3.711901410813422e-5,0.0013883025034422932,-0.3177332677480203,2.8512416285455265e-7,5.0694249708690614e-5,TRUE,"Significant reversal","Synaptic reversal"
"Mmp17","Synaptic: increased at 5 min",0.24991864585259704,1.8117790832239227e-6,1.3694769308089078e-4,-0.2655939942299026,8.901082005351031e-7,1.0862440898927395e-4,TRUE,"Significant reversal","Synaptic reversal"
"Mycl","Synaptic: increased at 5 min",0.45635759337617166,6.36347692338224e-9,1.4634642992518856e-6,-0.3588677411337168,1.1614307495242868e-4,0.003000121438660756,TRUE,"Significant reversal","Synaptic reversal"
"Ncam1","Synaptic: increased at 5 min",0.18300094029982272,7.960171012323822e-4,0.013171670942637433,-0.2866274432266546,1.0373010086848507e-4,0.0027604357428515722,TRUE,"Significant reversal","Synaptic reversal"
"Ncan","Synaptic: increased at 5 min",0.16109283408782699,0.0012944625772908867,0.018882383263073135,-0.25311422465899763,1.0297253853152051e-4,0.0027462328319667255,TRUE,"Significant reversal","Synaptic reversal"
"Nceh1","Synaptic: increased at 5 min",0.19478559022051403,7.388776020374648e-5,0.0023840382090814793,-0.21455896585572204,8.790513368829885e-5,0.0024982019036211755,TRUE,"Significant reversal","Synaptic reversal"
"Ncstn","Synaptic: increased at 5 min",0.2412416339251022,3.993885939259431e-4,0.00819159596622194,-0.27709196069674846,3.853945592823833e-5,0.0015018698835147447,TRUE,"Significant reversal","Synaptic reversal"
"Nectin1","Synaptic: increased at 5 min",0.26546378666923365,8.97518928499271e-7,7.823614595281146e-5,-0.375944442939342,2.6065710754575615e-8,8.642544311814423e-6,TRUE,"Significant reversal","Synaptic reversal"
"Nell2","Synaptic: increased at 5 min",0.2452064804670228,8.315638518209606e-9,1.7285333989101467e-6,-0.3310595705558736,8.049299049924269e-7,1.0505191568560736e-4,TRUE,"Significant reversal","Synaptic reversal"
"Nfasc","Synaptic: increased at 5 min",0.21562643990945152,4.425514406594409e-4,0.008761059564263547,-0.30674517668447643,7.062239613355421e-4,0.01108992006044185,TRUE,"Significant reversal","Synaptic reversal"
"Nlgn1","Synaptic: increased at 5 min",0.12836431880010446,0.004131302960195062,0.042867455812077945,-0.16940030535011885,0.0021367636658947693,0.025376395598448235,TRUE,"Significant reversal","Synaptic reversal"
"Nlgn3","Synaptic: increased at 5 min",0.22110223799316864,6.484097284996147e-7,5.889630886850702e-5,-0.2900872438529175,3.7022862685993248e-6,2.8315799547820424e-4,TRUE,"Significant reversal","Synaptic reversal"
"Npnt","Synaptic: increased at 5 min",0.36790892265923436,2.3310603434450186e-10,7.873884766342876e-8,-0.3668718366516543,9.871805748029522e-10,7.569207057301636e-7,TRUE,"Significant reversal","Synaptic reversal"
"Nptn","Synaptic: increased at 5 min",0.15924833305283395,7.96953723423525e-4,0.013171670942637433,-0.2161796715493838,0.0013750101733848688,0.01857778062454358,TRUE,"Significant reversal","Synaptic reversal"
"Nptx1","Synaptic: increased at 5 min",0.2891320600617246,5.532185544248377e-8,8.305193548302876e-6,-0.37139647543159576,4.769236340576898e-11,7.313623928274673e-8,TRUE,"Significant reversal","Synaptic reversal"
"Nptxr","Synaptic: increased at 5 min",0.2534997791052708,2.357373582553564e-5,9.800327328392876e-4,-0.43919422110023343,4.5400927529670665e-9,2.531720813336362e-6,TRUE,"Significant reversal","Synaptic reversal"
"Npy2r","Synaptic: increased at 5 min",0.5399627410109978,6.682715917992638e-12,3.14058592859054e-9,-0.5227430993915294,1.6749059935383977e-9,1.0814603541436349e-6,TRUE,"Significant reversal","Synaptic reversal"
"Nrcam","Synaptic: increased at 5 min",0.2527327621390201,1.7716026070020627e-8,3.24563603035344e-6,-0.30995406968118944,2.0380967595145417e-7,3.906776725894437e-5,TRUE,"Significant reversal","Synaptic reversal"
"Nrp2","Synaptic: increased at 5 min",0.2020888444410525,1.8002018126379846e-4,0.004666278511463783,-0.26233793375390446,4.757760951610223e-5,0.0017019096393760646,TRUE,"Significant reversal","Synaptic reversal"
"Nrxn1","Synaptic: increased at 5 min",0.16663159087038507,4.557988491600913e-4,0.008990382774765378,-0.18638667369915995,5.829619541374879e-5,0.0019381510171703796,TRUE,"Significant reversal","Synaptic reversal"
"Nrxn2","Synaptic: increased at 5 min",0.19029025281858009,3.3863867110521377e-4,0.007394637163588395,-0.3000844614989641,6.498583232780466e-5,0.0020800850030466963,TRUE,"Significant reversal","Synaptic reversal"
"Ntrk3","Synaptic: increased at 5 min",0.15859955606164775,7.458223771545033e-4,0.012748148375416228,-0.21238254572050308,1.107571379259706e-4,0.0028971611259612094,TRUE,"Significant reversal","Synaptic reversal"
"P4hb","Synaptic: increased at 5 min",0.2949041367450692,1.869306385007772e-5,8.147311578850406e-4,-0.3008246250277305,2.1902819548310375e-5,0.001032876953463754,TRUE,"Significant reversal","Synaptic reversal"
"Pacc1","Synaptic: increased at 5 min",0.47618718734307025,0.0010721654189031378,0.016579450662266116,-0.4611965923629337,4.6150559736511155e-4,0.008158332598231004,TRUE,"Significant reversal","Synaptic reversal"
"Pcdh1","Synaptic: increased at 5 min",0.27173849008022477,1.4295123518180595e-10,5.328137589931519e-8,-0.36264174205255884,3.739125796174526e-6,2.8315799547820424e-4,TRUE,"Significant reversal","Synaptic reversal"
"Pcdhga12","Synaptic: increased at 5 min",0.322938238441637,5.00748395984997e-7,4.965678359818195e-5,-0.40945798937592337,3.213238056272468e-7,5.4750006214375886e-5,TRUE,"Significant reversal","Synaptic reversal"
"Pcsk5","Synaptic: increased at 5 min",0.35530402714028625,4.1440008803189855e-4,0.008451416134975078,-0.5019733547343564,9.098113030225313e-5,0.002542497737011484,TRUE,"Significant reversal","Synaptic reversal"
"Pcyox1","Synaptic: increased at 5 min",0.19352962474817825,0.003939665440613076,0.04154521341227974,-0.3346249373113374,3.037246182786739e-7,5.322990881489673e-5,TRUE,"Significant reversal","Synaptic reversal"
"Pigt","Synaptic: increased at 5 min",0.20522818908328044,4.56723454360604e-4,0.008992210962083367,-0.318535469157117,1.2934570829476466e-5,6.899187605913796e-4,TRUE,"Significant reversal","Synaptic reversal"
"Plec","Synaptic: increased at 5 min",0.30750606964623267,1.0901283443250274e-6,9.27810808961356e-5,-0.3387489235753239,3.945529866436739e-5,0.001517359260233414,TRUE,"Significant reversal","Synaptic reversal"
"Plxna1","Synaptic: increased at 5 min",0.1558350283171668,6.346114742886678e-4,0.011223812714827183,-0.3266607059588469,0.002404005169517287,0.027511506921304173,TRUE,"Significant reversal","Synaptic reversal"
"Plxnb2","Synaptic: increased at 5 min",0.3955442456752957,4.430645173194906e-8,6.94070198218315e-6,-0.36472895091875873,4.2245927651989885e-5,0.0015873164518341045,TRUE,"Significant reversal","Synaptic reversal"
"Pomgnt2","Synaptic: increased at 5 min",0.23892643527728963,0.0022245819435858277,0.027959890963045592,-0.3257589538832269,1.5719954009333313e-5,7.969107263905003e-4,TRUE,"Significant reversal","Synaptic reversal"
"Porcn","Synaptic: increased at 5 min",0.24336373268307626,2.797569314412829e-5,0.0011199602488699359,-0.2795461593800214,3.9841835820718016e-4,0.007273506575127509,TRUE,"Significant reversal","Synaptic reversal"
"Ppm1l","Synaptic: increased at 5 min",0.2262410366491818,5.487015840732453e-6,3.408572081751557e-4,-0.2014309206806442,4.913592179949826e-5,0.00173717431883644,TRUE,"Significant reversal","Synaptic reversal"
"Psap","Synaptic: increased at 5 min",0.2259609840944913,4.026256612707148e-5,0.0014752477195509005,-0.29229027409371783,3.5543244181775916e-5,0.0014249820902680619,TRUE,"Significant reversal","Synaptic reversal"
"Ptprj","Synaptic: increased at 5 min",0.16918896643835382,3.760976827522359e-4,0.007924444157639215,-0.20968314494813337,6.363503036071128e-5,0.0020598273152116256,TRUE,"Significant reversal","Synaptic reversal"
"Ptpro","Synaptic: increased at 5 min",0.3935566390560401,2.267041895042812e-10,7.873884766342876e-8,-0.36483979868734107,4.294580305058626e-5,0.0015965427631048246,TRUE,"Significant reversal","Synaptic reversal"
"Ptprs","Synaptic: increased at 5 min",0.1540746260027673,1.4061023369532042e-4,0.003887099785198768,-0.3132714304070669,2.6171372405398522e-5,0.0011466799881051039,TRUE,"Significant reversal","Synaptic reversal"
"Rnf167","Synaptic: increased at 5 min",0.184335553709823,0.0012075808240477005,0.018130373789578373,-0.19649705218001193,5.78436625761949e-5,0.0019283316643607584,TRUE,"Significant reversal","Synaptic reversal"
"Robo1","Synaptic: increased at 5 min",0.1741254402023644,0.004122844447153365,0.042867455812077945,-0.19140499148074372,0.004349313202689048,0.04238075803859352,TRUE,"Significant reversal","Synaptic reversal"
"Robo2","Synaptic: increased at 5 min",0.35368193314891355,1.4055955830639391e-7,1.8756892169553233e-5,-0.2834304184114089,2.2193706823595905e-5,0.0010352562559386865,TRUE,"Significant reversal","Synaptic reversal"
"Rtn4r","Synaptic: increased at 5 min",0.4049179376896544,5.170390670794758e-10,1.570811372490603e-7,-0.5501569001394473,3.950740298967477e-8,1.2116920496933251e-5,TRUE,"Significant reversal","Synaptic reversal"
"Rtn4rl1","Synaptic: increased at 5 min",0.19645998877933096,0.002991434077994722,0.034282593006748824,-0.3253966747238899,4.138258408316428e-6,2.9932215289733995e-4,TRUE,"Significant reversal","Synaptic reversal"
"Scamp5","Synaptic: increased at 5 min",0.19144862554992628,2.422440335387517e-4,0.005884080356225545,-0.24430587832995745,1.0235585984076345e-4,0.0027417067435076114,TRUE,"Significant reversal","Synaptic reversal"
"Scarb2","Synaptic: increased at 5 min",0.24731388624285983,1.0301990959651361e-4,0.0030424650350511354,-0.21923328979735396,4.986773294610185e-4,0.008604463400601652,TRUE,"Significant reversal","Synaptic reversal"
"Scn2b","Synaptic: increased at 5 min",0.18643453077342562,1.3595032342690042e-5,6.424614398350531e-4,-0.14243630166066049,0.0035149612733278756,0.035959068744330726,TRUE,"Significant reversal","Synaptic reversal"
"Sema4f","Synaptic: increased at 5 min",0.24170052284879037,4.1897465641654196e-4,0.008464854320011966,-0.2598391065200347,5.751169205520679e-4,0.009534505920719959,TRUE,"Significant reversal","Synaptic reversal"
"Sema5a","Synaptic: increased at 5 min",0.3004122524162004,1.348629999738984e-6,1.08786131844617e-4,-0.30797780085768095,1.978778639495046e-4,0.0043426934435286625,TRUE,"Significant reversal","Synaptic reversal"
"Sema6b","Synaptic: increased at 5 min",0.2476687849929486,6.160885751869795e-4,0.011061798729004889,-0.3230416826209835,5.003955627860625e-4,0.008621984219465471,TRUE,"Significant reversal","Synaptic reversal"
"Sema7a","Synaptic: increased at 5 min",0.27603382577885005,5.014716823911329e-5,0.0017428962749086031,-0.38096706793131685,2.5175899596036893e-5,0.0011070176926314718,TRUE,"Significant reversal","Synaptic reversal"
"Sez6l","Synaptic: increased at 5 min",0.3172728171782349,1.1497288680136107e-12,6.540747018083747e-10,-0.3412838682038738,2.5175358040325995e-8,8.579202567742203e-6,TRUE,"Significant reversal","Synaptic reversal"
"Sez6l2","Synaptic: increased at 5 min",0.2924988293234371,1.1965005473688252e-13,8.08310901031852e-11,-0.3194610389075625,7.510495004647455e-6,4.6534723594452007e-4,TRUE,"Significant reversal","Synaptic reversal"
"Sigmar1","Synaptic: increased at 5 min",0.3584874559845745,0.0014229938695486913,0.020291742395714782,-0.48505740517047263,2.4257257108497763e-6,2.1564350015003666e-4,TRUE,"Significant reversal","Synaptic reversal"
"Sirpa","Synaptic: increased at 5 min",0.146602774774242,0.0014892039840530885,0.020932127260897052,-0.20224109596518977,0.0022070046357327037,0.026008299367831136,TRUE,"Significant reversal","Synaptic reversal"
"Slc12a5","Synaptic: increased at 5 min",0.147201485068027,3.065293464560969e-4,0.00697531727546095,-0.2607094005125181,0.0012994571278070856,0.01773274754609269,TRUE,"Significant reversal","Synaptic reversal"
"Slc12a9","Synaptic: increased at 5 min",0.3047457480778871,0.0047343079038043735,0.047426444978889225,-0.30693672664072846,0.0026018701289721373,0.028782455132759406,TRUE,"Significant reversal","Synaptic reversal"
"Slc17a7","Synaptic: increased at 5 min",0.24995758928980488,9.250922979611667e-4,0.01474826349360214,-0.3225419726698187,2.7673277421652484e-4,0.005601047800950903,TRUE,"Significant reversal","Synaptic reversal"
"Slc1a4","Synaptic: increased at 5 min",0.6848944514802362,5.767418175059421e-13,3.4633346141231824e-10,-0.48468663520126126,6.902816751509258e-7,9.43737172715424e-5,TRUE,"Significant reversal","Synaptic reversal"
"Slc23a2","Synaptic: increased at 5 min",0.1863670014324497,8.086422519326592e-4,0.0133038266379606,-0.20604337838037295,0.0022105149446182072,0.026008299367831136,TRUE,"Significant reversal","Synaptic reversal"
"Slc24a2","Synaptic: increased at 5 min",0.20473027143567185,7.088790522299595e-5,0.002307913757696877,-0.24956242270464343,4.643075206928154e-4,0.008158332598231004,TRUE,"Significant reversal","Synaptic reversal"
"Slc30a5","Synaptic: increased at 5 min",0.19680090594649882,0.002952528528359049,0.034023327146090576,-0.19117948932002266,0.003881825050490843,0.03859175828154106,TRUE,"Significant reversal","Synaptic reversal"
"Slc35b2","Synaptic: increased at 5 min",0.35422885858545977,5.59413407601074e-4,0.010389518080343657,-0.4259229552391591,5.244528828332306e-6,3.6145999812348725e-4,TRUE,"Significant reversal","Synaptic reversal"
"Slc37a3","Synaptic: increased at 5 min",0.15431127906753003,0.004132471917493313,0.042867455812077945,-0.18251728187741725,4.4150743766992726e-4,0.007895646130225463,TRUE,"Significant reversal","Synaptic reversal"
"Slc37a4","Synaptic: increased at 5 min",0.35432286576966404,0.00206742885250891,0.026259504661302946,-0.3693953878263204,9.993800601149942e-4,0.014373264451923504,TRUE,"Significant reversal","Synaptic reversal"
"Slc38a1","Synaptic: increased at 5 min",0.3379338811266762,4.3346166419514415e-9,1.041174917396736e-6,-0.2769028944290067,2.2445410103214642e-4,0.00478056061017773,TRUE,"Significant reversal","Synaptic reversal"
"Slc38a7","Synaptic: increased at 5 min",0.23256187488026997,0.003116186951646707,0.035252951420057646,-0.23905544355198052,0.0026809219919934403,0.029464328344352343,TRUE,"Significant reversal","Synaptic reversal"
"Slc39a13","Synaptic: increased at 5 min",0.29677147640926627,0.0025883821533655886,0.031121048604814957,-0.28882220730663005,0.002882894426348509,0.03105122811452459,TRUE,"Significant reversal","Synaptic reversal"
"Slc39a6","Synaptic: increased at 5 min",0.21627696359098036,0.0024260024576353337,0.029764654443337483,-0.2862710252657156,0.002085467364295266,0.02492062217660592,TRUE,"Significant reversal","Synaptic reversal"
"Slc39a7","Synaptic: increased at 5 min",0.23373323828208625,0.0016846470153841224,0.022792692371384093,-0.2965867542721987,3.4176296032340555e-4,0.006510478256595557,TRUE,"Significant reversal","Synaptic reversal"
"Slc3a2","Synaptic: increased at 5 min",0.307955455285875,1.0676913064858773e-6,9.159266136353848e-5,-0.24673478030245025,8.416259929755888e-7,1.0755278835233879e-4,TRUE,"Significant reversal","Synaptic reversal"
"Slc43a2","Synaptic: increased at 5 min",0.3105138943297068,4.422509948851626e-5,0.0015788170652875672,-0.33097057157015447,5.8054189391676716e-6,3.9132351398741205e-4,TRUE,"Significant reversal","Synaptic reversal"
"Slc6a15","Synaptic: increased at 5 min",0.3258228533747053,1.1655088485775865e-4,0.003324006634373386,-0.3804277212644944,1.3941369518714175e-5,7.186248792251491e-4,TRUE,"Significant reversal","Synaptic reversal"
"Slc6a17","Synaptic: increased at 5 min",0.2880943800090539,3.071367897709e-9,7.720561768915484e-7,-0.3609929799074384,1.5220474498412795e-6,1.5691158079540182e-4,TRUE,"Significant reversal","Synaptic reversal"
"Slc6a7","Synaptic: increased at 5 min",0.30350658023188276,0.0015624428611064904,0.021596476835933572,-0.4146123611529799,0.0035441041262482234,0.03608221528698191,TRUE,"Significant reversal","Synaptic reversal"
"Slc6a9","Synaptic: increased at 5 min",0.5584407823051691,1.249941432657947e-9,3.2952724257560364e-7,-0.5389197486792577,3.1041115267472084e-5,0.0012865283854775254,TRUE,"Significant reversal","Synaptic reversal"
"Slc7a3","Synaptic: increased at 5 min",2.291857647058398,5.162330065383184e-25,5.5799625676726834e-21,-1.7423873935498237,9.887065218241444e-8,2.3783238450467853e-5,TRUE,"Significant reversal","Synaptic reversal"
"Slc7a5","Synaptic: increased at 5 min",0.7447001451316911,2.652507832266943e-22,9.556985719657795e-19,-0.4528954120239107,3.441116924300558e-7,5.7580869885997017e-5,TRUE,"Significant reversal","Synaptic reversal"
"Slc7a8","Synaptic: increased at 5 min",0.17548443032520744,0.0015082201292395628,0.021034175503205552,-0.3637719258722702,1.1493324866973334e-5,6.294647744108431e-4,TRUE,"Significant reversal","Synaptic reversal"
"Slc9a6","Synaptic: increased at 5 min",0.2543882910742091,1.4177573836793409e-5,6.649836156909579e-4,-0.28326256883499484,6.797107708021452e-5,0.0021365325967206738,TRUE,"Significant reversal","Synaptic reversal"
"Slc9a7","Synaptic: increased at 5 min",0.289199738245331,5.489216401955673e-7,5.250702662720254e-5,-0.2759650412247087,3.971911720800388e-6,2.922433950363779e-4,TRUE,"Significant reversal","Synaptic reversal"
"Slit1","Synaptic: increased at 5 min",0.29818929432409585,2.4423787298479687e-10,7.999900512402029e-8,-0.26198532896873783,1.9549923505676613e-5,9.593538462705628e-4,TRUE,"Significant reversal","Synaptic reversal"
"Slit3","Synaptic: increased at 5 min",0.16077371430637286,0.0026682710973742734,0.03178189304468699,-0.24420354964524837,4.6418445959532287e-4,0.008158332598231004,TRUE,"Significant reversal","Synaptic reversal"
"Smpd1","Synaptic: increased at 5 min",0.2588844899155902,8.845483516848283e-6,4.7332094719610443e-4,-0.25787891128659296,7.615506539272076e-6,4.671351711189492e-4,TRUE,"Significant reversal","Synaptic reversal"
"Sorl1","Synaptic: increased at 5 min",0.24483701584811435,1.4453469782276962e-5,6.733946330889296e-4,-0.33740459465057576,1.6857829078914242e-4,0.0038801472258934325,TRUE,"Significant reversal","Synaptic reversal"
"Sort1","Synaptic: increased at 5 min",0.19762905635582811,4.9987972317986124e-6,3.186882430474185e-4,-0.2820802562985154,1.036646018905993e-5,5.80711112325969e-4,TRUE,"Significant reversal","Synaptic reversal"
"Spock1","Synaptic: increased at 5 min",0.6050451757527984,7.509950308431853e-10,2.1939203482118894e-7,-0.6536590927678614,0.0032526723858555427,0.03387418067035297,TRUE,"Significant reversal","Synaptic reversal"
"Sstr2","Synaptic: increased at 5 min",0.6144999213644411,8.11949042158042e-7,7.193735407119898e-5,-0.5933089083740782,7.839292582390892e-5,0.002334282558271152,TRUE,"Significant reversal","Synaptic reversal"
"Sv2a","Synaptic: increased at 5 min",0.2901575218747979,2.2913365012661546e-8,3.869852537841542e-6,-0.31899913925232504,1.87194545195002e-6,1.8082698271277832e-4,TRUE,"Significant reversal","Synaptic reversal"
"Syngr1","Synaptic: increased at 5 min",0.2922039636118057,1.725751043761022e-5,7.613731849801179e-4,-0.3248755185510971,9.39149175439947e-5,0.002577512770536302,TRUE,"Significant reversal","Synaptic reversal"
"Syp","Synaptic: increased at 5 min",0.23713171049881693,3.121574060899112e-5,0.0012314267892065147,-0.24504226069644547,3.7914372686700617e-4,0.00700336954458282,TRUE,"Significant reversal","Synaptic reversal"
"Syt1","Synaptic: increased at 5 min",0.16379139406362514,3.170863564287092e-5,0.0012463223369592429,-0.19197936493421336,9.400204707760587e-4,0.013728775161286533,TRUE,"Significant reversal","Synaptic reversal"
"Syt11","Synaptic: increased at 5 min",0.1589511630390241,1.907868881637015e-4,0.004898374047889429,-0.24067301392329962,3.18311043594745e-5,0.0013148282433738492,TRUE,"Significant reversal","Synaptic reversal"
"Syt3","Synaptic: increased at 5 min",0.1857624195793623,7.726234349058722e-4,0.013008234747504007,-0.24336531465226113,0.00264684821638259,0.02914859418185064,TRUE,"Significant reversal","Synaptic reversal"
"Tfrc","Synaptic: increased at 5 min",0.32225168772996254,7.688958596085083e-4,0.01300458805512728,-0.425537112111294,7.1956893718758194e-6,4.533455737869474e-4,TRUE,"Significant reversal","Synaptic reversal"
"Tmbim6","Synaptic: increased at 5 min",0.21259107964400595,3.4650569499306607e-4,0.007505771657675454,-0.18915025768295743,0.0037019199963968337,0.037286662164036415,TRUE,"Significant reversal","Synaptic reversal"
"Tmco1","Synaptic: increased at 5 min",0.23706024272404067,0.0010611943314201332,0.016433308779828393,-0.1673210898422078,0.004206446766323775,0.04118490736573031,TRUE,"Significant reversal","Synaptic reversal"
"Tmem109","Synaptic: increased at 5 min",0.24599539233721374,4.991638725120306e-5,0.0017404717090266253,-0.21076096390406296,1.2670555409807763e-4,0.003211619292717389,TRUE,"Significant reversal","Synaptic reversal"
"Tmem178","Synaptic: increased at 5 min",0.3007695894293858,1.2778770603085614e-5,6.237506130152509e-4,-0.23117455045654242,2.7915853617744386e-4,0.005614290035778493,TRUE,"Significant reversal","Synaptic reversal"
"Tmem25","Synaptic: increased at 5 min",0.27355571832445236,7.254696373447466e-4,0.012546562096094985,-0.3636827771805442,1.6643984507721067e-5,8.368377128718117e-4,TRUE,"Significant reversal","Synaptic reversal"
"Tmem30a","Synaptic: increased at 5 min",0.1797778003613606,5.0899959325249666e-5,0.0017521581539701391,-0.16363901726220018,1.2491533677353524e-4,0.003185990335837277,TRUE,"Significant reversal","Synaptic reversal"
"Tnfrsf21","Synaptic: increased at 5 min",0.19223422729177012,1.5574085534502312e-5,7.141942448121209e-4,-0.18456438686168755,0.002126800180772926,0.025282543234226993,TRUE,"Significant reversal","Synaptic reversal"
"Tnr","Synaptic: increased at 5 min",0.19105953630504952,1.5589511382188044e-4,0.004191717127613696,-0.338108846844001,1.1623474855093478e-4,0.003000121438660756,TRUE,"Significant reversal","Synaptic reversal"
"Tspan18","Synaptic: increased at 5 min",0.5161479573350196,1.346286807126585e-10,5.197147892225449e-8,-0.5362498332465959,6.253154711494771e-7,8.920197907048587e-5,TRUE,"Significant reversal","Synaptic reversal"
"Unc5c","Synaptic: increased at 5 min",0.24456153179943024,0.0012619686700913243,0.01860930334927302,-0.3351420338617791,0.0012715087528364151,0.01742890433496887,TRUE,"Significant reversal","Synaptic reversal"
"Vldlr","Synaptic: increased at 5 min",0.34554739246788396,3.8826646611889734e-7,4.0353579156530396e-5,-0.3960368060866864,3.0567651403833983e-6,2.518443294565959e-4,TRUE,"Significant reversal","Synaptic reversal"
"Xk","Synaptic: increased at 5 min",0.23388125980691873,2.9399205164855764e-4,0.006819227652938325,-0.20262624988383857,0.0013374187166656354,0.018169936673371002,TRUE,"Significant reversal","Synaptic reversal"
"Zdhhc8","Synaptic: increased at 5 min",0.23763714500373967,0.0022409471055004336,0.028132865578808577,-0.5036134065121604,5.3899998282070335e-8,1.6127931193278997e-5,TRUE,"Significant reversal","Synaptic reversal"
