"Subset","Detail"
"30v5_Down","Cdh13"
"30v5_Down","Lrp11"
"30v5_Down","Lamp2"
"30v5_Down","Npy"
"30v5_Down","Pam"
"30v5_Down","Cntnap1"
"30v5_Down","Gdf11"
"30v5_Down","Peds1"
"30v5_Down","Jag2"
"30v5_Down","Ephx1"
"30v5_Down","Susd1"
"30v5_Down","Tmem101"
"30v5_Down","Qsox1"
"30v5_Down","Slc27a4"
"30v5_Down","Syna"
"30v5_Down","Zdhhc9"
"30v5_Down","Pigs"
"30v5_Down","Pcdhb9"
"30v5_Down","Lamb1"
"30v5_Down","Sil1"
"30v5_Down","Sdf4"
"30v5_Down","Lrfn1"
"30v5_Down","C1ql2"
"30v5_Down","Dag1"
"30v5_Down","Pcdhgc5"
"30v5_Down","Mamstr"
"30v5_Down","Ttyh1"
"30v5_Down","Luzp2"
"30v5_Down","Ntng2"
"30v5_Down","Lrfn3"
"30v5_Down","Ncam2"
"30v5_Down","Sulf2"
"30v5_Down","Atp6v0e2"
"30v5_Down","Astn1"
"30v5_Down","Lhfpl4"
"30v5_Down","Abcb9"
"30v5_Down","Naglu"
"30v5_Down","Pcsk2"
"30v5_Down","Tmem63b"
"30v5_Down","Zfp691"
"30v5_Down","Dnajc16"
"30v5_Down","Tmem178b"
"30v5_Down","Tmem38a"
"30v5_Down","Atp9a"
"30v5_Down","Sppl3"
"30v5_Down","Aatk"
"30v5_Down","Unc5a"
"30v5_Down","H3c13"
"30v5_Down","Fads2"
"30v5_Down","Pwwp3a"
"30v5_Down","Dgke"
"30v5_Down","Tgfbr3"
"30v5_Down","D630045J12Rik"
"30v5_Down","Pcdha9"
"30v5_Down","Epha5"
"30v5_Down","Fbxo27"
"30v5_Down","Pcdhga5"
"30v5_Down","Sema3c"
"30v5_Down","Slc8a2"
"30v5_Down","Adam9"
"30v5_Down","Cdh9"
"30v5_Down","Ackr1"
"30v5_Down","Lrrc8d"
"30v5_Down","Fam78a"
"30v5_Down","Ptprn"
"30v5_Down","Slc35c1"
"30v5_Down","B4galnt4"
"30v5_Down","Hyal2"
"30v5_Down","Zfp941"
"30v5_Down","Chga"
"30v5_Down","Fzd7"
"30v5_Down","Pcdhac2"
"30v5_Down","Pafah1b3"
"30v5_Down","Mmp19"
"30v5_Down","Cspg5"
"30v5_Down","Kdelr1"
"30v5_Down","Nrxn3"
"30v5_Down","Htr5a"
"30v5_Down","C2cd2l"
"30v5_Down","Dipk1b"
"30v5_Down","Slc39a3"
"30v5_Down","Slc9a9"
"30v5_Down","Shisa4"
"30v5_Down","Susd4"
"30v5_Down","Rassf3"
"30v5_Down","Bcap29"
"30v5_Down","Tmem86a"
"30v5_Down","Tmem201"
"30v5_Down","Ptprr"
"30v5_Down","Celsr2"
"30v5_Down","Furin"
"30v5_Down","Mroh7"
"30v5_Down","Otulinl"
"30v5_Down","Nudcd3"
"30v5_Down","Gprc5c"
"30v5_Down","Abca3"
"30v5_Down","Sppl2b"
"30v5_Down","Sun1"
"30v5_Down","Daglb"
"30v5_Down","Dolk"
"30v5_Down","Sparcl1"
"30v5_Down","Acvr1c"
"30v5_Down","Pm20d2"
"30v5_Down","Sdc3"
"30v5_Down","Prss23"
"30v5_Down","Dipk1a"
"30v5_Down","Tm9sf4"
"30v5_Down","Tkt"
"30v5_Down","Ccdc136"
"30v5_Down","Sema4d"
"30v5_Down","Ifngr2"
"30v5_Down","Cacna1h"
"30v5_Down","Vash1"
"30v5_Down","Pcdhac1"
"30v5_Down","Pcdhb12"
"30v5_Down","Plxnd1"
"30v5_Down","Lrp12"
"30v5_Down","Rnaset2b"
"30v5_Down","Tubb2b"
"30v5_Down","Tex264"
"30v5_Down","Gm2a"
"30v5_Down","Arfgap1"
"30v5_Down","Pofut1"
"30v5_Down","Ndst1"
"30v5_Down","Pdyn"
"30v5_Down","Spint2"
"30v5_Down","Prr12"
"30v5_Down","Alg1"
"30v5_Down","Vangl1"
"30v5_Down","Ttyh3"
"30v5_Down","Pigk"
"30v5_Down","Dhrs7"
"30v5_Down","Neo1"
"30v5_Down","Slc26a10"
"30v5_Down","Olfm1"
"30v5_Down","Fstl1"
"30v5_Down","Bmp1"
"30v5_Down","Vit"
"30v5_Down","Nup210"
"30v5_Down","6530402F18Rik"
"30v5_Down","Adgrf5"
"30v5_Down","Sorcs3"
"30v5_Down","Rnf130"
"30v5_Down","Tmem215"
"30v5_Down","Coprs"
"30v5_Down","Abcc4"
"30v5_Down","Zfp775"
"30v5_Down","Retreg1"
"30v5_Down","Tm2d3"
"30v5_Down","Rtn1"
"30v5_Down","App"
"30v5_Down","Ptprn2"
"30v5_Down","Slc45a1"
"30v5_Down","Ntf3"
"30v5_Down","Shisa6"
"30v5_Down","Icmt"
"30v5_Down","Dnajc14"
"30v5_Down","Smpd3"
"30v5_Down","Lingo1"
"30v5_Down","Prdm16"
"30v5_Down","Cpe"
"30v5_Down","Gga2"
"30v5_Down","Smpdl3a"
"30v5_Down","Slc29a4"
"30v5_Down","Tyw1"
"30v5_Down","Emx1"
"30v5_Down","Yipf2"
"30v5_Down","Tmem115"
"30v5_Down","Mia3"
"30v5_Down","Tenm4"
"30v5_Down","Atp2c1"
"30v5_Down","Atp6ap2"
"30v5_Down","Pdia3"
"30v5_Down","Prr36"
"30v5_Down","Ptprf"
"30v5_Down","Lmbrd2"
"30v5_Down","Mesd"
"30v5_Down","Cyb561d2"
"30v5_Down","Kcna2"
"30v5_Down","Tm9sf1"
"30v5_Down","Commd5"
"30v5_Down","Atp5mc2"
"30v5_Down","Prr7"
"30v5_Down","Lman1"
"30v5_Down","Slc35e4"
"30v5_Down","Alad"
"30v5_Down","Eogt"
"30v5_Down","Lgmn"
"30v5_Down","Rtn4rl2"
"30v5_Down","Wdr13"
"30v5_Down","Eif4h"
"30v5_Down","Mpp3"
"30v5_Down","S1pr3"
"30v5_Down","Cgref1"
"30v5_Down","Uchl1"
"30v5_Down","Naga"
"30v5_Down","Pigo"
"30v5_Down","Blcap"
"30v5_Down","Lnpk"
"30v5_Down","Bloc1s5"
"30v5_Down","Uggt1"
"30v5_Down","Efna1"
"30v5_Down","Tfap4"
"30v5_Down","Eif4g1"
"30v5_Down","Sgsh"
"30v5_Down","Rcn2"
"30v5_Down","Atp8a2"
"30v5_Down","Lmbr1"
"30v5_Down","Nol3"
"30v5_Down","Emc10"
"30v5_Down","Pcdhga4"
"30v5_Down","Erlin1"
"30v5_Down","Tmem165"
"30v5_Down","Znhit2"
"30v5_Down","Zfp512b"
"30v5_Down","Ak5"
"30v5_Down","Lrrc24"
"30v5_Down","Cacna2d3"
"30v5_Down","Cd109"
"30v5_Down","Onecut1"
"30v5_Down","Gpr62"
"30v5_Down","Lrrc14"
"30v5_Down","Slc38a10"
"30v5_Down","Tmem181a"
"30v5_Down","Mbtps1"
"30v5_Down","Tmed4"
"30v5_Down","Peak1"
"30v5_Down","Ildr2"
"30v5_Down","Col4a2"
"30v5_Down","Pomk"
"30v5_Down","Psen2"
"30v5_Down","Reep1"
"30v5_Down","Cnnm2"
"30v5_Down","Mcfd2"
"30v5_Down","Adamts8"
"30v5_Down","Gfpt2"
"30v5_Down","Gm54215"
"30v5_Down","Syt12"
"30v5_Down","Pcdhgc3"
"30v5_Down","Neu1"
"30v5_Down","Unc5d"
"30v5_Down","Pcdha6"
"30v5_Down","Mfsd13a"
"30v5_Down","Itgav"
"30v5_Down","Pcdha12"
"30v5_Down","Insyn1"
"30v5_Down","Htr6"
"30v5_Down","Slc26a11"
"30v5_Down","Aprt"
"30v5_Down","Praf2"
"30v5_Down","Ndst2"
"30v5_Down","Leprot"
"30v5_Down","Pcdhb10"
"30v5_Down","Gusb"
"30v5_Down","Glrb"
"30v5_Down","Rph3a"
"30v5_Down","Zdhhc12"
"30v5_Down","Kcns2"
"30v5_Down","Pgap4"
"30v5_Down","Atp13a1"
"30v5_Down","Vangl2"
"30v5_Down","Mpst"
"30v5_Down","Pdgfrb"
"30v5_Down","Ssbp2"
"30v5_Down","Entpd4"
"30v5_Down","Coro1a"
"30v5_Down","St8sia5"
"30v5_Down","Gde1"
"30v5_Down","Ppt2"
"30v5_Down","Acbd6"
"30v5_Down","Alg3"
"30v5_Down","Rcor2"
"30v5_Down","Ccpg1"
"30v5_Down","Svop"
"30v5_Down","Pcdhb20"
"30v5_Down","Syt5"
"30v5_Down","Elfn2"
"30v5_Down","Hgf"
"30v5_Down","Car4"
"30v5_Down","Gria2"
"30v5_Down","Mfsd3"
"30v5_Down","Tmem175"
"30v5_Down","Ndn"
"30v5_Down","Fam3c"
"30v5_Down","Zbtb8a"
"30v5_Down","Klhdc9"
"30v5_Up","Casz1"
"30v5_Up","Arih2"
"30v5_Up","Egr1"
"30v5_Up","Rai2"
"30v5_Up","Utp25"
"30v5_Up","Strn3"
"30v5_Up","Prkag2"
"30v5_Up","Ccnc"
"30v5_Up","Smad5"
"30v5_Up","Rasd1"
"30v5_Up","Heca"
"30v5_Up","Ikzf5"
"30v5_Up","Zbtb10"
"30v5_Up","Tstd2"
"30v5_Up","Chaserr"
"30v5_Up","Rab8b"
"30v5_Up","Zfp869"
"30v5_Up","Nfatc1"
"30v5_Up","Ggps1"
"30v5_Up","Ythdc1"
"30v5_Up","Ccnl1"
"30v5_Up","Ing2"
"30v5_Up","Ankrd10"
"30v5_Up","Amigo3"
"30v5_Up","Peg10"
"30v5_Up","Egr2"
"30v5_Up","Nfkbiz"
"30v5_Up","Shoc2"
"30v5_Up","Coq10b"
"30v5_Up","Rab43"
"30v5_Up","Srsf3"
"30v5_Up","Stk26"
"30v5_Up","Fam118a"
"30v5_Up","Per1"
"30v5_Up","Desi2"
"30v5_Up","Nmd3"
"30v5_Up","Dipk2a"
"30v5_Up","Fbxl5"
"30v5_Up","Zbtb2"
"30v5_Up","Map3k2"
"30v5_Up","H4c18"
"30v5_Up","Sap18"
"30v5_Up","Zcchc9"
"30v5_Up","Kdm7a"
"30v5_Up","Fbxl3"
"30v5_Up","Sfpq"
"30v5_Up","Sik1"
"30v5_Up","4930503L19Rik"
"30v5_Up","Epb41l4aos"
"30v5_Up","Arc"
"30v5_Up","Ppp1r15b"
"30v5_Up","Arpp19"
"30v5_Up","Zmym5"
"30v5_Up","Prpf39"
"30v5_Up","Egr4"
"30v5_Up","Mtmr12"
"30v5_Up","Srsf10"
"30v5_Up","Rad52"
"30v5_Up","Mynn"
"30v5_Up","Epc2"
"30v5_Up","Junb"
"30v5_Up","Bcl10"
"30v5_Up","Fosb"
"30v5_Up","Klhl29"
"30v5_Up","Zdbf2"
"30v5_Up","Plpbp"
"30v5_Up","Zfp654"
"30v5_Up","Atp7a"
"30v5_Up","AI504432"
"30v5_Up","Jak2"
"30v5_Up","Rassf1"
"30v5_Up","Ppp4r3a"
"30v5_Up","Scyl2"
"30v5_Up","Esco1"
"30v5_Up","Gabpb1"
"30v5_Up","Plk3"
"30v5_Up","Spry2"
"30v5_Up","Pou3f3"
"30v5_Up","Kdm6b"
"30v5_Up","Rchy1"
"30v5_Up","Enox1"
"30v5_Up","Bmt2"
"30v5_Up","Etf1"
"30v5_Up","Per3"
"30v5_Up","Gtf3c4"
"30v5_Up","Smarca5"
"30v5_Up","Rela"
"30v5_Up","Map3k14"
"30v5_Up","Arf4"
"30v5_Up","Fnbp1l"
"30v5_Up","Atg101"
"30v5_Up","Mettl17"
"30v5_Up","Smurf2"
"30v5_Up","Ppm1b"
"30v5_Up","Otud1"
"30v5_Up","Papola"
"30v5_Up","Arl15"
"30v5_Up","Hspa8"
"30v5_Up","Ago4"
"30v5_Up","P4ha1"
"30v5_Up","Gdap2"
"30v5_Up","Pon2"
"30v5_Up","Taf7"
"30v5_Up","Dnai4"
"30v5_Up","Aim2"
"30v5_Up","Prkaa1"
"30v5_Up","Zfp622"
"30v5_Up","Rsph4a"
"30v5_Up","Haus2"
"30v5_Up","Sowahc"
"30v5_Up","Fos"
"30v5_Up","Epc1"
"30v5_Up","Ssh2"
"30v5_Up","Rap1b"
"30v5_Up","Runx2"
"30v5_Up","Rnd3"
"30v5_Up","Capsl"
"30v5_Up","Ptbp1"
"30v5_Up","Dhx15"
"30v5_Up","Zfp266"
"30v5_Up","Maff"
"30v5_Up","Castor2"
"30v5_Up","Lins1"
"30v5_Up","Ppp2r1b"
"30v5_Up","Rbm24"
"30v5_Up","Zbtb11"
"30v5_Up","Prdm2"
"30v5_Up","Zfat"
"30v5_Up","Garre1"
"30v5_Up","Gnai3"
"30v5_Up","Chordc1"
"30v5_Up","Irs2"
"30v5_Up","Zbtb41"
"30v5_Up","Zfp711"
"30v5_Up","Lgalsl"
"30v5_Up","Rrn3"
"30v5_Up","Tnfaip8"
"30v5_Up","Gpbp1"
"30v5_Up","Klhl7"
"30v5_Up","Cnot6l"
"30v5_Up","Ier5"
"30v5_Up","Usp25"
"30v5_Up","Med26"
"30v5_Up","Egr3"
"30v5_Up","Clk3"
"30v5_Up","Tspyl1"
"30v5_Up","Zfp426"
"30v5_Up","Irak1bp1"
"30v5_Up","Hnrnph1"
"30v5_Up","Rabl2"
"30v5_Up","Csrnp2"
"30v5_Up","Gmeb2"
"30v5_Up","Qki"
"30v5_Up","Ier2"
"30v5_Up","Pim1"
"30v5_Up","Ube2b"
"30v5_Up","Rmnd5a"
"30v5_Up","H3f3b"
"30v5_Up","Cdkn2aip"
"30v5_Up","Mid1-ps1"
"30v5_Up","Emp1"
"30v5_Up","Ammecr1l"
"30v5_Up","Tle1"
"30v5_Up","Dusp4"
"30v5_Up","Fem1c"
"30v5_Up","Lin7c"
"30v5_Up","Strn"
"30v5_Up","Arpc5"
"30v5_Up","Ube2h"
"30v5_Up","Aftph"
"30v5_Up","Fam91a1"
"30v5_Up","Tnpo1"
"30v5_Up","Zswim4"
"30v5_Up","Maob"
"30v5_Up","Tent5c"
"30v5_Up","Efcab2"
"30v5_Up","Ube2d3"
"30v5_Up","Hps5"
"30v5_Up","Yeats2"
"30v5_Up","Hlf"
"30v5_Up","Gpr3"
"30v5_Up","Dazl"
"30v5_Up","Atg12"
"30v5_Up","Ranbp2"
"30v5_Up","Smndc1"
"30v5_Up","Usp37"
"30v5_Up","Gpbp1l1"
"30v5_Up","Nup35"
"30v5_Up","Fgf1"
"30v5_Up","Mettl14"
"30v5_Up","Ccnt2"
"30v5_Up","Klhl5"
"30v5_Up","Lrrc58"
"30v5_Up","Ints10"
"30v5_Up","Klhl32"
"30v5_Up","Itprid2"
"30v5_Up","Zfp954"
"30v5_Up","Ldah"
"30v5_Up","Mcl1"
"30v5_Up","Ark2n"
"30v5_Up","Atf3"
"30v5_Up","Memo1"
"30v5_Up","Plch1"
"30v5_Up","Wdr43"
"30v5_Up","Tfdp2"
"30v5_Up","Dhtkd1"
"30v5_Up","Brd2"
"30v5_Up","Dr1"
"30v5_Up","Wdr91"
"30v5_Up","Fam114a2"
"30v5_Up","Stk38"
"30v5_Up","Kansl1l"
"30v5_Up","Mocs3"
"30v5_Up","Dstn"
"30v5_Up","Lemd3"
"30v5_Up","Specc1"
"30v5_Up","Naa50"
"30v5_Up","Csnk1g3"
"30v5_Up","Rbm7"
"30v5_Up","Xbp1"
"30v5_Up","Hapstr1"
"30v5_Up","Rcl1"
"30v5_Up","Zfp397"
"30v5_Up","Fbxo42"
"30v5_Up","Rap1a"
"30v5_Up","Snrnp48"
"30v5_Up","Dnaaf2"
"30v5_Up","Abitram"
"30v5_Up","Morc2b"
"30v5_Up","Pim3"
"30v5_Up","Trmt10c"
"30v5_Up","Cdc73"
"30v5_Up","Abraxas2"
"30v5_Up","G2e3"
"30v5_Up","Rock1"
"30v5_Up","Stox2"
"30v5_Up","Taf2"
"30v5_Up","Creb5"
"30v5_Up","Hnrnpll"
"30v5_Up","Cep20"
"30v5_Up","Pcna"
"30v5_Up","Cggbp1"
"30v5_Up","Anks3"
"30v5_Up","Cops3"
"30v5_Up","Magoh"
"30v5_Up","Bach1"
"30v5_Up","Synpo2"
"30v5_Up","Tmem263"
"30v5_Up","Gm3764"
"30v5_Up","Arf6"
"30v5_Up","Ccdc6"
"30v5_Up","Spry1"
"30v5_Up","St7"
"30v5_Up","Zfp110"
"30v5_Up","Zkscan1"
"30v5_Up","Zfp788"
"30v5_Up","Timm21"
"30v5_Up","Mapk8"
"30v5_Up","Ogfr"
"30v5_Up","Plscr4"
"30v5_Up","Ifrd1"
"30v5_Up","Rps15a"
"30v5_Up","Rtl3"
"30v5_Up","Bud23"
"30v5_Up","Golph3"
"30v5_Up","Osbpl8"
"30v5_Up","Rbm12b2"
"30v5_Up","Sirt1"
"30v5_Up","Trmt1l"
"30v5_Up","Srsf6"
"30v5_Up","Styx-ps"
"30v5_Up","Zfp281"
"30v5_Up","Rab28"
"30v5_Up","Ptchd4"
"30v5_Up","Smg5"
"30v5_Up","Ube2e3"
"30v5_Up","Mlf1"
"30v5_Up","Spred2"
"30v5_Up","Oxsr1"
"30v5_Up","Pold3"
"30v5_Up","Ufm1"
"30v5_Up","Ccdc117"
"30v5_Up","Rlim"
"30v5_Up","Polr1f"
"30v5_Up","Hnrnpu"
"30v5_Up","Pde5a"
"30v5_Up","Strap"
"30v5_Up","Inka1"
"30v5_Up","Ciart"
"30v5_Up","Traf3"
"30v5_Up","Vamp3"
"30v5_Up","Zfp326"
"30v5_Up","Arl5b"
"30v5_Up","Crybg3"
"30v5_Up","Rnf4"
"30v5_Up","Errfi1"
"30v5_Up","Ippk"
"30v5_Up","Klhdc7a"
"30v5_Up","Cpne3"
"30v5_Up","Smg8"
"30v5_Up","Thbs1"
"30v5_Up","Prpf38b"
"30v5_Up","Tbce"
"30v5_Up","Snhg5"
"30v5_Up","Snip1"
"30v5_Up","Atxn7"
"30v5_Up","Cep126"
"30v5_Up","Atp13a4"
"30v5_Up","Nsd3"
"30v5_Up","Bag3"
"30v5_Up","Pcyt2"
"30v5_Up","Rps6kb2"
"30v5_Up","Kras"
"30v5_Up","Pcolce2"
"30v5_Up","Tor1aip1"
"30v5_Up","Bcas1"
"30v5_Up","Lonrf3"
"30v5_Up","Surf6"
"30v5_Up","Rsbn1"
"30v5_Up","Mob1b"
"30v5_Up","Fbxo8"
"30v5_Up","Filip1l"
"30v5_Up","Rnf111"
"30v5_Up","Srsf5"
"30v5_Up","Cryab"
"30v5_Up","Cldn12"
"30v5_Up","Meis2"
"30v5_Up","Gtf2ird2"
"30v5_Up","Vezf1"
"30v5_Up","Cbll1"
"30v5_Up","Cnot7"
"30v5_Up","Rras2"
"30v5_Up","Nin"
"30v5_Up","Rnf32"
"30v5_Up","Amd1"
"30v5_Up","Tcf12"
"30v5_Up","Dennd10"
"30v5_Up","Zfp329"
"30v5_Up","Eif3j1"
"30v5_Up","Slc38a6"
"30v5_Up","Ncoa5"
"30v5_Up","Gm21092"
"30v5_Up","Cnot6"
"30v5_Up","Sbf2"
"30v5_Up","Hectd2"
"30v5_Up","Cpeb4"
"30v5_Up","Alkbh5"
"30v5_Up","Chic1"
"30v5_Up","Pip4p2"
"30v5_Up","Zfp26"
"30v5_Up","Cstf3"
"30v5_Up","Prr16"
"30v5_Up","Zc3h10"
"30v5_Up","Bcl2l11"
"30v5_Up","Rab5a"
"30v5_Up","Rnf166"
"30v5_Up","Klf10"
"30v5_Up","Pias2"
"30v5_Up","Gas5"
"30v5_Up","Xpo4"
"30v5_Up","Rcor1"
"30v5_Up","Rpl35a"
"30v5_Up","Zfp27"
"30v5_Up","Slc7a6os"
"30v5_Up","Dnaja4"
"30v5_Up","Ndrg2"
"30v5_Up","Tlr7"
"30v5_Up","Iqgap1"
"30v5_Up","Amz2"
"30v5_Up","Nop53"
"30v5_Up","Msl2"
"30v5_Up","Stat3"
"30v5_Up","A630072M18Rik"
"30v5_Up","Rybp"
"30v5_Up","Med13"
"30v5_Up","Afg2a"
"30v5_Up","Gabra2"
"30v5_Up","Ykt6"
"30v5_Up","Tjp1"
"30v5_Up","Map4k3"
"30v5_Up","Ncbp1"
"30v5_Up","Ccn1"
"30v5_Up","Mxi1"
"30v5_Up","Parp8"
"30v5_Up","Foxk2"
"30v5_Up","Tnfaip6"
"30v5_Up","Lysmd3"
"30v5_Up","Zfp607b"
"30v5_Up","Crkl"
"30v5_Up","Irf2bp2"
"30v5_Up","Cnot10"
"30v5_Up","Dnajb1"
"30v5_Up","Dclre1c"
"30v5_Up","Cdc27"
"30v5_Up","Med31"
"30v5_Up","Sacm1l"
"30v5_Up","Fzd1"
"30v5_Up","Ptcd1"
"30v5_Up","Ythdf3"
"30v5_Up","Slc25a40"
"30v5_Up","Dennd2b"
"30v5_Up","Vti1b"
"30v5_Up","Ercc6"
"30v5_Up","Taf5"
"30v5_Up","Hsph1"
"30v5_Up","Nsa2"
"30v5_Up","Virma"
"30v5_Up","Nrbf2"
"30v5_Up","Cys1"
"30v5_Up","Cnn3"
"30v5_Up","Elk4"
"30v5_Up","Ints6l"
"30v5_Up","Fam163a"
"30v5_Up","Stxbp3"
"5v0_Down","Arid5a"
"5v0_Down","Apaf1"
"5v0_Down","Cadps2"
"5v0_Down","Zfp532"
"5v0_Down","Tle3"
"5v0_Down","Pde1a"
"5v0_Down","Actr2"
"5v0_Down","Myo16"
"5v0_Down","Timp2"
"5v0_Down","Setbp1"
"5v0_Down","Ybx1"
"5v0_Down","Dyrk3"
"5v0_Down","Ldb2"
"5v0_Down","Fezf2"
"5v0_Down","Gap43"
"5v0_Down","Npas2"
"5v0_Down","Nos1"
"5v0_Down","Btbd10"
"5v0_Down","Gda"
"5v0_Down","Fscn1"
"5v0_Down","Zfp462"
"5v0_Down","Tiam2"
"5v0_Down","Dnah9"
"5v0_Down","Crym"
"5v0_Down","Hrh3"
"5v0_Down","Nfkb1"
"5v0_Down","Synj1"
"5v0_Down","Arhgap33"
"5v0_Down","Jade2"
"5v0_Down","Rab3c"
"5v0_Down","Rc3h1"
"5v0_Down","Med14"
"5v0_Down","Prkcb"
"5v0_Down","Ripor2"
"5v0_Down","Vps51"
"5v0_Down","Etv1"
"5v0_Down","Wdr17"
"5v0_Down","Hr"
"5v0_Down","Ccdc120"
"5v0_Down","Rab3gap2"
"5v0_Down","Ube2j2"
"5v0_Down","Zfhx4"
"5v0_Down","Bcr"
"5v0_Down","Micos10"
"5v0_Down","C2cd4b"
"5v0_Down","Ttc39b"
"5v0_Down","Dpysl3"
"5v0_Down","Arf2"
"5v0_Down","Rap1gap"
"5v0_Down","Pde11a"
"5v0_Down","Rps19"
"5v0_Down","Ppp4r4"
"5v0_Down","Arhgap39"
"5v0_Down","Vps53"
"5v0_Down","Net1"
"5v0_Down","Arxes1"
"5v0_Down","Cfap69"
"5v0_Down","Slirp"
"5v0_Down","Dennd5b"
"5v0_Down","Fam120b"
"5v0_Down","Kcnab2"
"5v0_Down","Npr3"
"5v0_Down","Nsmce3"
"5v0_Down","Sub1"
"5v0_Down","Pld2"
"5v0_Down","Smarca1"
"5v0_Down","Spop"
"5v0_Down","Ndst3"
"5v0_Down","Hunk"
"5v0_Down","Unc79"
"5v0_Down","Dcdc2a"
"5v0_Down","Lztr1"
"5v0_Down","Dapk1"
"5v0_Down","Gfm1"
"5v0_Down","Necab1"
"5v0_Down","Dock9"
"5v0_Down","Cul2"
"5v0_Down","Fam53b"
"5v0_Down","Cdk17"
"5v0_Down","Ipw"
"5v0_Down","Ngef"
"5v0_Down","Pak4"
"5v0_Down","Sowaha"
"5v0_Down","Ndufs2"
"5v0_Down","Epm2aip1"
"5v0_Down","Rpl9"
"5v0_Down","Prmt2"
"5v0_Down","Depdc5"
"5v0_Down","Dcaf6"
"5v0_Down","Rara"
"5v0_Down","Stk40"
"5v0_Down","Mir22hg"
"5v0_Down","Fxyd6"
"5v0_Down","Zswim8"
"5v0_Down","Hat1"
"5v0_Down","Ldhb"
"5v0_Down","Cdkl4"
"5v0_Down","Ppig"
"5v0_Down","Slc25a3"
"5v0_Down","Fbh1"
"5v0_Down","Ccdc85a"
"5v0_Down","Rasgrp1"
"5v0_Down","Trub2"
"5v0_Down","Dab2ip"
"5v0_Down","Tesc"
"5v0_Down","Cul9"
"5v0_Down","Plcl2"
"5v0_Down","Sh3bp4"
"5v0_Down","Dmd"
"5v0_Down","Pcdhgb1"
"5v0_Down","Ttc27"
"5v0_Down","Anapc2"
"5v0_Down","Ifi203"
"5v0_Down","Zyg11b"
"5v0_Down","Trerf1"
"5v0_Down","Far2"
"5v0_Down","Trnt1"
"5v0_Down","Aldh7a1"
"5v0_Down","Ide"
"5v0_Down","Dzip1"
"5v0_Down","Vps50"
"5v0_Down","Sesn1"
"5v0_Down","Usp27x"
"5v0_Down","Dock4"
"5v0_Down","Jak1"
"5v0_Down","Iqgap2"
"5v0_Down","Fgf11"
"5v0_Down","Ift140"
"5v0_Down","Rpl39"
"5v0_Down","Atp5mk"
"5v0_Down","Bloc1s4"
"5v0_Down","Wdfy3"
"5v0_Down","Zfp68"
"5v0_Down","Copb2"
"5v0_Down","Casp3"
"5v0_Down","Pi4ka"
"5v0_Down","Herc3"
"5v0_Down","Rgp1"
"5v0_Down","Snrpb2"
"5v0_Down","Srgap1"
"5v0_Down","Rpl36"
"5v0_Down","Mkln1"
"5v0_Down","Cct2"
"5v0_Down","Cpne2"
"5v0_Down","Tox"
"5v0_Down","Pde2a"
"5v0_Down","Satb2"
"5v0_Down","Smpd4"
"5v0_Down","Rnmt"
"5v0_Down","Farp1"
"5v0_Down","Eif3j2"
"5v0_Down","Syt4"
"5v0_Down","Ccnd1"
"5v0_Down","Strip2"
"5v0_Down","Ttc9"
"5v0_Down","Septin6"
"5v0_Down","Zfp950"
"5v0_Down","Tnfaip3"
"5v0_Down","Phf21a"
"5v0_Down","Mlxip"
"5v0_Down","Fbxw7"
"5v0_Down","Nr6a1"
"5v0_Down","Prpf8"
"5v0_Down","Cyfip2"
"5v0_Down","Noct"
"5v0_Down","Usp13"
"5v0_Down","Pid1"
"5v0_Down","Dpp10"
"5v0_Down","Pik3c2b"
"5v0_Down","Lztfl1"
"5v0_Down","Bex3"
"5v0_Down","Nnat"
"5v0_Down","Nr1d1"
"5v0_Down","Fam118b"
"5v0_Down","Filip1"
"5v0_Down","Nemf"
"5v0_Down","Pikfyve"
"5v0_Down","Utp6"
"5v0_Down","Prmt9"
"5v0_Down","Gabra3"
"5v0_Down","Phf3"
"5v0_Down","Efnb2"
"5v0_Down","Usp49"
"5v0_Down","Cpne7"
"5v0_Down","Ip6k2"
"5v0_Down","Rps6ka6"
"5v0_Down","Ckb"
"5v0_Down","Ralgapa1"
"5v0_Down","Nkiras1"
"5v0_Down","Nos1ap"
"5v0_Down","Ndufs1"
"5v0_Down","Hivep3"
"5v0_Down","Rpl31"
"5v0_Down","Usp4"
"5v0_Down","Mfn1"
"5v0_Down","Pgm2l1"
"5v0_Down","Ptk2"
"5v0_Down","Drosha"
"5v0_Down","Luc7l"
"5v0_Down","Dnaja2"
"5v0_Down","Rps27a"
"5v0_Down","Xpo5"
"5v0_Down","Fkbpl"
"5v0_Down","Oxct1"
"5v0_Down","R3hcc1l"
"5v0_Down","Sh3glb1"
"5v0_Down","Pcsk1"
"5v0_Down","Cttnbp2"
"5v0_Down","Cmtr1"
"5v0_Down","Smg7"
"5v0_Down","Runx1t1"
"5v0_Down","Stmn4"
"5v0_Down","Mturn"
"5v0_Down","Cntln"
"5v0_Down","Snrk"
"5v0_Down","Hspa12a"
"5v0_Down","Ppp1r3c"
"5v0_Down","Rab8a"
"5v0_Down","Cct3"
"5v0_Down","Cfap97"
"5v0_Down","Rpl34"
"5v0_Down","Thop1"
"5v0_Down","Zfp87"
"5v0_Down","Fam81a"
"5v0_Down","Lxn"
"5v0_Down","Npepps"
"5v0_Down","Grp"
"5v0_Down","Usp47"
"5v0_Down","Rnf123"
"5v0_Down","Vstm2b"
"5v0_Down","Hk1"
"5v0_Down","Top3b"
"5v0_Down","Rbm22"
"5v0_Down_30v5_Up","Rgs4"
"5v0_Down_30v5_Up","Per2"
"5v0_Down_30v5_Up","Kitl"
"5v0_Down_30v5_Up","Dbpht2"
"5v0_Down_30v5_Up","Rnf217"
"5v0_Down_30v5_Up","Peli1"
"5v0_Down_30v5_Up","1700086L19Rik"
"5v0_Down_30v5_Up","Homer1"
"5v0_Down_30v5_Up","Dusp5"
"5v0_Down_30v5_Up","Piga"
"5v0_Down_30v5_Up","Csrnp1"
"5v0_Down_30v5_Up","Frmd6"
"5v0_Down_30v5_Up","Osgin2"
"5v0_Down_30v5_Up","Lonrf1"
"5v0_Down_30v5_Up","Ipmk"
"5v0_Down_30v5_Up","Myc"
"5v0_Down_30v5_Up","Ahr"
"5v0_Down_30v5_Up","Msantd7"
"5v0_Down_30v5_Up","Nedd9"
"5v0_Down_30v5_Up","Zbtb21"
"5v0_Down_30v5_Up","Ankrd28"
"5v0_Down_30v5_Up","Arhgef3"
"5v0_Down_30v5_Up","Mt2"
"5v0_Down_30v5_Up","Tra2b"
"5v0_Down_30v5_Up","Nr4a2"
"5v0_Down_30v5_Up","Arl4a"
"5v0_Down_30v5_Up","Plk2"
"5v0_Down_30v5_Up","Ppp2r2a"
"5v0_Down_30v5_Up","Siah2"
"5v0_Down_30v5_Up","Erf"
"5v0_Down_30v5_Up","Btaf1"
"5v0_Down_30v5_Up","Armcx5"
"5v0_Down_30v5_Up","Etv3"
"5v0_Down_30v5_Up","Vxn"
"5v0_Down_30v5_Up","Fosl2"
"5v0_Down_30v5_Up","Rora"
"5v0_Down_30v5_Up","Mpped1"
"5v0_Down_30v5_Up","Phlda1"
"5v0_Down_30v5_Up","Dusp16"
"5v0_Down_30v5_Up","Odc1"
"5v0_Down_30v5_Up","Klf6"
"5v0_Down_30v5_Up","Rasl11b"
"5v0_Down_30v5_Up","Zc3h12c"
"5v0_Down_30v5_Up","Ctnnd1"
"5v0_Down_30v5_Up","Palmd"
"5v0_Down_30v5_Up","Sde2"
"5v0_Down_30v5_Up","Zfp608"
"5v0_Down_30v5_Up","Nap1l5"
"5v0_Down_30v5_Up","Nfatc2"
"5v0_Down_30v5_Up","Cpeb2"
"5v0_Down_30v5_Up","Rundc1"
"5v0_Down_30v5_Up","Cpne8"
"5v0_Down_30v5_Up","Arid5b"
"5v0_Down_30v5_Up","Ankrd13a"
"5v0_Down_30v5_Up","Lmna"
"5v0_Down_30v5_Up","Cwc25"
"5v0_Down_30v5_Up","Mdm2"
"5v0_Down_30v5_Up","Dnajb5"
"5v0_Down_30v5_Up","Fbxo33"
"5v0_Down_30v5_Up","Mtf1"
"5v0_Down_30v5_Up","Rfx2"
"5v0_Down_30v5_Up","Chd1"
"5v0_Down_30v5_Up","Mast4"
"5v0_Down_30v5_Up","Dyrk2"
"5v0_Down_30v5_Up","Pwwp4a"
"5v0_Down_30v5_Up","Usp38"
"5v0_Down_30v5_Up","Rab27b"
"5v0_Down_30v5_Up","Ppat"
"5v0_Down_30v5_Up","Slc25a25"
"5v0_Down_30v5_Up","Bdnf"
"5v0_Down_30v5_Up","Zswim6"
"5v0_Down_30v5_Up","Sbk1"
"5v0_Down_30v5_Up","Zfp655"
"5v0_Down_30v5_Up","Bhlhe40"
"5v0_Down_30v5_Up","Pip5k1a"
"5v0_Down_30v5_Up","2900079G21Rik"
"5v0_Down_30v5_Up","Phf13"
"5v0_Down_30v5_Up","Ptp4a1"
"5v0_Down_30v5_Up","Sox9"
"5v0_Down_30v5_Up","Sec24a"
"5v0_Down_30v5_Up","Spred1"
"5v0_Down_30v5_Up","Pde4b"
"5v0_Down_30v5_Up","Nfil3"
"5v0_Down_30v5_Up","Yrdc"
"5v0_Down_30v5_Up","Sertad1"
"5v0_Down_30v5_Up","Nuak1"
"5v0_Down_30v5_Up","Ranbp6"
"5v0_Down_30v5_Up","Aff1"
"5v0_Down_30v5_Up","Dusp6"
"5v0_Down_30v5_Up","Csrnp3"
"5v0_Down_30v5_Up","Gpt2"
"5v0_Down_30v5_Up","Ankrd33b"
"5v0_Down_30v5_Up","Pwwp4b"
"5v0_Down_30v5_Up","Zfand2a"
"5v0_Down_30v5_Up","Trib1"
"5v0_Down_30v5_Up","Fam53c"
"5v0_Down_30v5_Up","Ccnk"
"5v0_Down_30v5_Up","Dusp10"
"5v0_Down_30v5_Up","Far1"
"5v0_Down_30v5_Up","Asap2"
"5v0_Down_30v5_Up","Dusp1"
"5v0_Down_30v5_Up","Ppp1r15a"
"5v0_Down_30v5_Up","Tiparp"
"5v0_Down_30v5_Up","Phf8"
"5v0_Down_30v5_Up","Rap2a"
"5v0_Down_30v5_Up","Klhl13"
"5v0_Down_30v5_Up","Spry4"
"5v0_Down_30v5_Up","Arl13b"
"5v0_Down_30v5_Up","Trp53inp2"
"5v0_Down_30v5_Up","Abt1"
"5v0_Down_30v5_Up","Nr4a3"
"5v0_Down_30v5_Up","Utp15"
"5v0_Down_30v5_Up","Eif4a2"
"5v0_Down_30v5_Up","Fdxacb1"
"5v0_Down_30v5_Up","S100a10"
"5v0_Down_30v5_Up","Rbm39"
"5v0_Down_30v5_Up","Irs1"
"5v0_Down_30v5_Up","Sgk1"
"5v0_Down_30v5_Up","Nampt"
"5v0_Down_30v5_Up","Spty2d1"
"5v0_Down_30v5_Up","Ccdc184"
"5v0_Down_30v5_Up","Nptx2"
"5v0_Down_30v5_Up","Gadd45b"
"5v0_Down_30v5_Up","Arid4b"
"5v0_Down_30v5_Up","Kpna1"
"5v0_Down_30v5_Up","Mex3b"
"5v0_Down_30v5_Up","Tra2a"
"5v0_Down_30v5_Up","Ell2"
"5v0_Down_30v5_Up","Etv5"
"5v0_Down_30v5_Up","Ptpn1"
"5v0_Down_30v5_Up","Sos1"
"5v0_Down_30v5_Up","Rwdd4a"
"5v0_Down_30v5_Up","Clk4"
"5v0_Down_30v5_Up","Zfp24"
"5v0_Down_30v5_Up","Rnft1"
"5v0_Down_30v5_Up","Jund"
"5v0_Down_30v5_Up","Rel"
"5v0_Down_30v5_Up","Ctxnd1"
"5v0_Down_30v5_Up","Stk38l"
"5v0_Down_30v5_Up","Zfp275"
"5v0_Down_30v5_Up","Chka"
"5v0_Down_30v5_Up","Btg3"
"5v0_Down_30v5_Up","Zfp365"
"5v0_Down_30v5_Up","Opa3"
"5v0_Down_30v5_Up","Mapk1ip1l"
"5v0_Down_30v5_Up","5031439G07Rik"
"5v0_Down_30v5_Up","Ivns1abp"
"5v0_Down_30v5_Up","Tppp3"
"5v0_Down_30v5_Up","Lats1"
"5v0_Down_30v5_Up","Rlf"
"5v0_Down_30v5_Up","Cfap20"
"5v0_Down_30v5_Up","Nmt2"
"5v0_Down_30v5_Up","Camk1g"
"5v0_Down_30v5_Up","Ddx19a"
"5v0_Down_30v5_Up","Col22a1"
"5v0_Down_30v5_Up","Arl5a"
"5v0_Down_30v5_Up","Necap2"
"5v0_Down_30v5_Up","Pkn2"
"5v0_Down_30v5_Up","Mapre1"
"5v0_Down_30v5_Up","Zbtb16"
"5v0_Down_30v5_Up","Lurap1"
"5v0_Down_30v5_Up","Phospho2"
"5v0_Down_30v5_Up","Hexim1"
"5v0_Down_30v5_Up","Adnp2"
"5v0_Down_30v5_Up","Midn"
"5v0_Down_30v5_Up","Bmal1"
"5v0_Down_30v5_Up","Dnajb4"
"5v0_Down_30v5_Up","Mafk"
"5v0_Down_30v5_Up","Alox12b"
"5v0_Down_30v5_Up","Cep85l"
"5v0_Down_30v5_Up","Brwd3"
"5v0_Down_30v5_Up","Ptpn12"
"5v0_Down_30v5_Up","Phf6"
"5v0_Down_30v5_Up","Nr4a1"
"5v0_Down_30v5_Up","Dhx40"
"5v0_Down_30v5_Up","Zbtb33"
"5v0_Down_30v5_Up","Csnk1a1"
"5v0_Down_30v5_Up","Dnaja1"
"5v0_Down_30v5_Up","Cenpa"
"5v0_Down_30v5_Up","Skil"
"5v0_Down_30v5_Up","Cops2"
"5v0_Down_30v5_Up","Osbpl6"
"5v0_Down_30v5_Up","Ube2g2"
"5v0_Down_30v5_Up","Ppm1d"
"5v0_Down_30v5_Up","Gtpbp4"
"5v0_Down_30v5_Up","Nup50"
"5v0_Down_30v5_Up","Ints13"
"5v0_Down_30v5_Up","Akirin1"
"5v0_Down_30v5_Up","Tsc22d2"
"5v0_Down_30v5_Up","Prkx"
"5v0_Down_30v5_Up","Clk1"
"5v0_Down_30v5_Up","Cxcl14"
"5v0_Down_30v5_Up","Ptchd1"
"5v0_Down_30v5_Up","Eif3e"
"5v0_Down_30v5_Up","Zfand5"
"5v0_Down_30v5_Up","Vcl"
"5v0_Down_30v5_Up","Hipk3"
"5v0_Down_30v5_Up","Ctdsp2"
"5v0_Down_30v5_Up","Kdm3a"
"5v0_Down_30v5_Up","Spata2l"
"5v0_Down_30v5_Up","Msantd1"
"5v0_Down_30v5_Up","Mtmr1"
"5v0_Down_30v5_Up","Smurf1"
"5v0_Down_30v5_Up","Zup1"
"5v0_Down_30v5_Up","Rab6a"
"5v0_Down_30v5_Up","Smad1"
"5v0_Down_30v5_Up","Mul1"
"5v0_Down_30v5_Up","Rngtt"
"5v0_Down_30v5_Up","Sertm1"
"5v0_Down_30v5_Up","Wsb1"
"5v0_Down_30v5_Up","Rnf19a"
"5v0_Down_30v5_Up","Fbxo28"
"5v0_Down_30v5_Up","Zfp516"
"5v0_Down_30v5_Up","Pde12"
"5v0_Down_30v5_Up","Stk35"
"5v0_Down_30v5_Up","Avl9"
"5v0_Down_30v5_Up","Lratd1"
"5v0_Down_30v5_Up","Ints8"
"5v0_Down_30v5_Up","Smad7"
"5v0_Down_30v5_Up","Rpgr"
"5v0_Down_30v5_Up","Fermt2"
"5v0_Down_30v5_Up","Zfp868"
"5v0_Down_30v5_Up","Nadk2"
"5v0_Down_30v5_Up","Srf"
"5v0_Down_30v5_Up","Hnrnpf"
"5v0_Up","Stc2"
"5v0_Up","Frzb"
"5v0_Up","Chac1"
"5v0_Up","Mthfd2"
"5v0_Up","Slc7a1"
"5v0_Up","Slc4a7"
"5v0_Up","Asns"
"5v0_Up","Mycn"
"5v0_Up","Btg2"
"5v0_Up","Adra1d"
"5v0_Up","Slit2"
"5v0_Up","Nrip3"
"5v0_Up","Il16"
"5v0_Up","Prox1"
"5v0_Up","Zmpste24"
"5v0_Up","Slc38a2"
"5v0_Up","Bbc3"
"5v0_Up","Psat1"
"5v0_Up","Edil3"
"5v0_Up","Slc33a1"
"5v0_Up","Kirrel2"
"5v0_Up","Ahcyl2"
"5v0_Up","Leprotl1"
"5v0_Up","Podxl"
"5v0_Up","B3gat2"
"5v0_Up","Patz1"
"5v0_Up","Cachd1"
"5v0_Up","Abca1"
"5v0_Up","Extl2"
"5v0_Up","Amer3"
"5v0_Up","Sorcs2"
"5v0_Up","H4c14"
"5v0_Up","Grid1"
"5v0_Up","Shisal1"
"5v0_Up","Gdf1"
"5v0_Up","Arhgef26"
"5v0_Up","AI593442"
"5v0_Up","Hrk"
"5v0_Up","Phgdh"
"5v0_Up","Carmil1"
"5v0_Up","Psph"
"5v0_Up","Gpr155"
"5v0_Up","Gpr26"
"5v0_Up","Cers6"
"5v0_Up","Gabbr1"
"5v0_Up","Clcn7"
"5v0_Up","Fbxo32"
"5v0_Up","Pdia4"
"5v0_Up","Slc44a5"
"5v0_Up","Grik3"
"5v0_Up","Mgat5b"
"5v0_Up","Mdga1"
"5v0_Up","Slc9a4"
"5v0_Up","Clcn4"
"5v0_Up","Car12"
"5v0_Up","Krtcap2"
"5v0_Up","Carf"
"5v0_Up","Ric3"
"5v0_Up","1700017B05Rik"
"5v0_Up","Ogn"
"5v0_Up","Prox1os"
"5v0_Up","Adam23"
"5v0_Up","Lmbrd1"
"5v0_Up","Tmem147"
"5v0_Up","Asph"
"5v0_Up","Vegfa"
"5v0_Up","Zbtb18"
"5v0_Up","Ly6h"
"5v0_Up","Ssr3"
"5v0_Up","Fgfr1"
"5v0_Up","Adck2"
"5v0_Up","Yars1"
"5v0_Up","Fam234b"
"5v0_Up","Nrp1"
"5v0_Up","Arsa"
"5v0_Up","Bscl2"
"5v0_Up","Paqr4"
"5v0_Up","Gria1"
"5v0_Up","Gsr"
"5v0_Up","Il1rap"
"5v0_Up","Il6st"
"5v0_Up","Bpnt2"
"5v0_Up","Homer3"
"5v0_Up","Slc4a10"
"5v0_Up","Slc35f2"
"5v0_Up","Nfe2l1"
"5v0_Up","Hacd3"
"5v0_Up","Arrdc3"
"5v0_Up","Cd200"
"5v0_Up","Hsp90b1"
"5v0_Up","Lmln"
"5v0_Up","Selenoi"
"5v0_Up","Sv2b"
"5v0_Up","Tmem245"
"5v0_Up","Pgap3"
"5v0_Up","Zfp536"
"5v0_Up","Slc2a1"
"5v0_Up","Mfsd10"
"5v0_Up","Cdc42ep4"
"5v0_Up","Lpcat3"
"5v0_Up","Pcdhb18"
"5v0_Up","Elovl4"
"5v0_Up","Mrm1"
"5v0_Up","Plcxd2"
"5v0_Up","Serpina3n"
"5v0_Up","Atp1b2"
"5v0_Up","Trhde"
"5v0_Up","Fzd8"
"5v0_Up","Vmp1"
"5v0_Up","Lnpep"
"5v0_Up","Mlec"
"5v0_Up","Golm1"
"5v0_Up","Sypl2"
"5v0_Up","Gpr85"
"5v0_Up","Rnf145"
"5v0_Up","Sesn2"
"5v0_Up","Zfp113"
"5v0_Up","Prkcsh"
"5v0_Up","Htr4"
"5v0_Up","Wscd1"
"5v0_Up","B3galt5"
"5v0_Up","Cxxc5"
"5v0_Up","Vgll4"
"5v0_Up","Jkamp"
"5v0_Up","Rfx3"
"5v0_Up","Sgpp1"
"5v0_Up","Gpr68"
"5v0_Up","Retreg2"
"5v0_Up","Tab1"
"5v0_Up","Slc1a2"
"5v0_Up","H3c10"
"5v0_Up","Stt3a"
"5v0_Up","Prrc1"
"5v0_Up","Pigh"
"5v0_Up","Abhd12"
"5v0_Up","Erg28"
"5v0_Up","Gpr61"
"5v0_Up","Aars1"
"5v0_Up","Itga7"
"5v0_Up","H2ac20"
"5v0_Up","Dram2"
"5v0_Up","Negr1"
"5v0_Up","Tafa2"
"5v0_Up","Nipa1"
"5v0_Up","Npdc1"
"5v0_Up","Scn2a"
"5v0_Up","Tspan5"
"5v0_Up","Abcb10"
"5v0_Up","Chrnb2"
"5v0_Up","Recql"
"5v0_Up","Glce"
"5v0_Up","Parvg"
"5v0_Up","Prune2"
"5v0_Up","Syt13"
"5v0_Up","Tmed7"
"5v0_Up","Dact2"
"5v0_Up","H2-D1"
"5v0_Up","Dbn1"
"5v0_Up","Elavl2"
"5v0_Up","Lingo3"
"5v0_Up","Cnih3"
"5v0_Up","Efna5"
"5v0_Up","Magi1"
"5v0_Up","Abcb6"
"5v0_Up","Fzd3"
"5v0_Up","Slc29a2"
"5v0_Up","Ggt7"
"5v0_Up","Tm9sf3"
"5v0_Up","Tlcd4"
"5v0_Up","H3c6"
"5v0_Up","Laptm4b"
"5v0_Up","Pabpc4"
"5v0_Up","Clmn"
"5v0_Up","Calr"
"5v0_Up","Dagla"
"5v0_Up","Fbn1"
"5v0_Up","Pcdhb3"
"5v0_Up","Pura"
"5v0_Up","Dolpp1"
"5v0_Up","Slc18b1"
"5v0_Up","Emc7"
"5v0_Up","Itm2c"
"5v0_Up","Mgat4c"
"5v0_Up","Slc16a13"
"5v0_Up","Tmem68"
"5v0_Up","Yipf3"
"5v0_Up","Tlk2"
"5v0_Up","Tpra1"
"5v0_Up","Mfsd8"
"5v0_Up","Vkorc1l1"
"5v0_Up","Mctp1"
"5v0_Up","Arl6ip1"
"5v0_Up","Mboat7"
"5v0_Up","Relt"
"5v0_Up","Cyb561d1"
"5v0_Up","Tigar"
"5v0_Up","Pigg"
"5v0_Up","Kdelr2"
"5v0_Up","Slc16a14"
"5v0_Up","Acvr1b"
"5v0_Up","Gm10778"
"5v0_Up","Disp3"
"5v0_Up","Slc16a2"
"5v0_Up","Drd5"
"5v0_Up","Lrrc55"
"5v0_Up_30v5_Down","Slc7a3"
"5v0_Up_30v5_Down","Lhfpl2"
"5v0_Up_30v5_Down","Slc7a5"
"5v0_Up_30v5_Down","Atf5"
"5v0_Up_30v5_Down","Cyb5r1"
"5v0_Up_30v5_Down","Dhcr24"
"5v0_Up_30v5_Down","Gpnmb"
"5v0_Up_30v5_Down","Clstn2"
"5v0_Up_30v5_Down","St6gal2"
"5v0_Up_30v5_Down","Sez6l2"
"5v0_Up_30v5_Down","Shmt2"
"5v0_Up_30v5_Down","Slc1a4"
"5v0_Up_30v5_Down","Sez6l"
"5v0_Up_30v5_Down","Cntnap5b"
"5v0_Up_30v5_Down","Npy2r"
"5v0_Up_30v5_Down","Stard5"
"5v0_Up_30v5_Down","Arsb"
"5v0_Up_30v5_Down","Grm2"
"5v0_Up_30v5_Down","Tspan18"
"5v0_Up_30v5_Down","Pcdh1"
"5v0_Up_30v5_Down","Npnt"
"5v0_Up_30v5_Down","Ptpro"
"5v0_Up_30v5_Down","Slit1"
"5v0_Up_30v5_Down","Islr2"
"5v0_Up_30v5_Down","Rtn4r"
"5v0_Up_30v5_Down","Spock1"
"5v0_Up_30v5_Down","Kcna1"
"5v0_Up_30v5_Down","Slc6a9"
"5v0_Up_30v5_Down","Slc6a17"
"5v0_Up_30v5_Down","Slc38a1"
"5v0_Up_30v5_Down","Mycl"
"5v0_Up_30v5_Down","Adgrl1"
"5v0_Up_30v5_Down","Nell2"
"5v0_Up_30v5_Down","Hyou1"
"5v0_Up_30v5_Down","Igfbp5"
"5v0_Up_30v5_Down","Apcdd1"
"5v0_Up_30v5_Down","Nrcam"
"5v0_Up_30v5_Down","Insig1"
"5v0_Up_30v5_Down","Sv2a"
"5v0_Up_30v5_Down","Atp1a3"
"5v0_Up_30v5_Down","Kcnq5"
"5v0_Up_30v5_Down","Ldlr"
"5v0_Up_30v5_Down","Plxnb2"
"5v0_Up_30v5_Down","Rhbdd3"
"5v0_Up_30v5_Down","Nptx1"
"5v0_Up_30v5_Down","Smoc2"
"5v0_Up_30v5_Down","Scd2"
"5v0_Up_30v5_Down","Spock2"
"5v0_Up_30v5_Down","Megf8"
"5v0_Up_30v5_Down","Nectin3"
"5v0_Up_30v5_Down","Robo2"
"5v0_Up_30v5_Down","Dcc"
"5v0_Up_30v5_Down","Tspan7"
"5v0_Up_30v5_Down","Ermp1"
"5v0_Up_30v5_Down","Lgi1"
"5v0_Up_30v5_Down","Cntn1"
"5v0_Up_30v5_Down","Cacna1b"
"5v0_Up_30v5_Down","Chrm1"
"5v0_Up_30v5_Down","Vldlr"
"5v0_Up_30v5_Down","Lrrn2"
"5v0_Up_30v5_Down","Drd1"
"5v0_Up_30v5_Down","Pcdhga12"
"5v0_Up_30v5_Down","Atp2a2"
"5v0_Up_30v5_Down","Fstl5"
"5v0_Up_30v5_Down","Slc9a7"
"5v0_Up_30v5_Down","Ssr1"
"5v0_Up_30v5_Down","Cadm3"
"5v0_Up_30v5_Down","Igf2r"
"5v0_Up_30v5_Down","Nlgn3"
"5v0_Up_30v5_Down","Glg1"
"5v0_Up_30v5_Down","Sstr2"
"5v0_Up_30v5_Down","Creld1"
"5v0_Up_30v5_Down","Nectin1"
"5v0_Up_30v5_Down","M6pr"
"5v0_Up_30v5_Down","Slc3a2"
"5v0_Up_30v5_Down","Plec"
"5v0_Up_30v5_Down","Serinc3"
"5v0_Up_30v5_Down","Grn"
"5v0_Up_30v5_Down","Atrn"
"5v0_Up_30v5_Down","Sema5a"
"5v0_Up_30v5_Down","Csf1"
"5v0_Up_30v5_Down","Syvn1"
"5v0_Up_30v5_Down","Ctsd"
"5v0_Up_30v5_Down","Them6"
"5v0_Up_30v5_Down","Mmp17"
"5v0_Up_30v5_Down","Opcml"
"5v0_Up_30v5_Down","Lpl"
"5v0_Up_30v5_Down","Srebf2"
"5v0_Up_30v5_Down","Prrt3"
"5v0_Up_30v5_Down","Cd47"
"5v0_Up_30v5_Down","Lrtm2"
"5v0_Up_30v5_Down","Epdr1"
"5v0_Up_30v5_Down","Clcn6"
"5v0_Up_30v5_Down","Serinc1"
"5v0_Up_30v5_Down","Tgfa"
"5v0_Up_30v5_Down","Arl6ip5"
"5v0_Up_30v5_Down","Laptm4a"
"5v0_Up_30v5_Down","Slc2a13"
"5v0_Up_30v5_Down","Rhbdd1"
"5v0_Up_30v5_Down","Aplp2"
"5v0_Up_30v5_Down","Gdf10"
"5v0_Up_30v5_Down","Sort1"
"5v0_Up_30v5_Down","Tmem184b"
"5v0_Up_30v5_Down","Ppm1l"
"5v0_Up_30v5_Down","Ddost"
"5v0_Up_30v5_Down","Gabrb1"
"5v0_Up_30v5_Down","Nipal3"
"5v0_Up_30v5_Down","Plbd2"
"5v0_Up_30v5_Down","Crim1"
"5v0_Up_30v5_Down","Faim2"
"5v0_Up_30v5_Down","Epha7"
"5v0_Up_30v5_Down","Trim66"
"5v0_Up_30v5_Down","Adam11"
"5v0_Up_30v5_Down","Slc2a6"
"5v0_Up_30v5_Down","Csmd2"
"5v0_Up_30v5_Down","Gns"
"5v0_Up_30v5_Down","Txndc5"
"5v0_Up_30v5_Down","Gaa"
"5v0_Up_30v5_Down","Slc7a14"
"5v0_Up_30v5_Down","Smpd1"
"5v0_Up_30v5_Down","Rnft2"
"5v0_Up_30v5_Down","Sel1l"
"5v0_Up_30v5_Down","Tmem259"
"5v0_Up_30v5_Down","Gabrb3"
"5v0_Up_30v5_Down","Gpr158"
"5v0_Up_30v5_Down","Spcs2"
"5v0_Up_30v5_Down","Scube1"
"5v0_Up_30v5_Down","Cds2"
"5v0_Up_30v5_Down","Dnajb14"
"5v0_Up_30v5_Down","Gpm6a"
"5v0_Up_30v5_Down","Tmem178"
"5v0_Up_30v5_Down","Cars1"
"5v0_Up_30v5_Down","Scn2b"
"5v0_Up_30v5_Down","Slc9a6"
"5v0_Up_30v5_Down","Sorl1"
"5v0_Up_30v5_Down","Atp6ap1"
"5v0_Up_30v5_Down","Galnt14"
"5v0_Up_30v5_Down","Tnfrsf21"
"5v0_Up_30v5_Down","Mfsd11"
"5v0_Up_30v5_Down","Cacna1c"
"5v0_Up_30v5_Down","Rpn2"
"5v0_Up_30v5_Down","Syngr1"
"5v0_Up_30v5_Down","Megf9"
"5v0_Up_30v5_Down","Lsamp"
"5v0_Up_30v5_Down","P4hb"
"5v0_Up_30v5_Down","Tmem179"
"5v0_Up_30v5_Down","Srprb"
"5v0_Up_30v5_Down","Igsf8"
"5v0_Up_30v5_Down","Sqle"
"5v0_Up_30v5_Down","Pcdhga1"
"5v0_Up_30v5_Down","Tmem132a"
"5v0_Up_30v5_Down","Gpr83"
"5v0_Up_30v5_Down","Nptxr"
"5v0_Up_30v5_Down","Glmp"
"5v0_Up_30v5_Down","Exph5"
"5v0_Up_30v5_Down","Tgoln1"
"5v0_Up_30v5_Down","Nell1"
"5v0_Up_30v5_Down","Ostm1"
"5v0_Up_30v5_Down","Paqr9"
"5v0_Up_30v5_Down","Cln6"
"5v0_Up_30v5_Down","Porcn"
"5v0_Up_30v5_Down","Wnt9a"
"5v0_Up_30v5_Down","Syp"
"5v0_Up_30v5_Down","Syt1"
"5v0_Up_30v5_Down","Gabrg2"
"5v0_Up_30v5_Down","Kcnc1"
"5v0_Up_30v5_Down","Sidt1"
"5v0_Up_30v5_Down","Tmx2"
"5v0_Up_30v5_Down","Reep5"
"5v0_Up_30v5_Down","Cntnap5c"
"5v0_Up_30v5_Down","Stard4"
"5v0_Up_30v5_Down","Mgat3"
"5v0_Up_30v5_Down","Tmem59l"
"5v0_Up_30v5_Down","C2cd4c"
"5v0_Up_30v5_Down","Psap"
"5v0_Up_30v5_Down","Islr"
"5v0_Up_30v5_Down","Abca2"
"5v0_Up_30v5_Down","Slc22a17"
"5v0_Up_30v5_Down","Gprc5b"
"5v0_Up_30v5_Down","AU040320"
"5v0_Up_30v5_Down","Slc43a2"
"5v0_Up_30v5_Down","Cacna2d1"
"5v0_Up_30v5_Down","Gpr12"
"5v0_Up_30v5_Down","Cd81"
"5v0_Up_30v5_Down","Tmem109"
"5v0_Up_30v5_Down","Sema7a"
"5v0_Up_30v5_Down","Bri3bp"
"5v0_Up_30v5_Down","Tmem30a"
"5v0_Up_30v5_Down","Cdh2"
"5v0_Up_30v5_Down","Tpst1"
"5v0_Up_30v5_Down","Tmem132b"
"5v0_Up_30v5_Down","Tm9sf2"
"5v0_Up_30v5_Down","Canx"
"5v0_Up_30v5_Down","Marchf6"
"5v0_Up_30v5_Down","Epha4"
"5v0_Up_30v5_Down","Slc24a2"
"5v0_Up_30v5_Down","Nkain3"
"5v0_Up_30v5_Down","Nceh1"
"5v0_Up_30v5_Down","Man2b1"
"5v0_Up_30v5_Down","Sun2"
"5v0_Up_30v5_Down","Dnajc10"
"5v0_Up_30v5_Down","Amfr"
"5v0_Up_30v5_Down","Chst1"
"5v0_Up_30v5_Down","Tmppe"
"5v0_Up_30v5_Down","Gpm6b"
"5v0_Up_30v5_Down","Emc1"
"5v0_Up_30v5_Down","Tmeff2"
"5v0_Up_30v5_Down","Fndc10"
"5v0_Up_30v5_Down","Pcdh20"
"5v0_Up_30v5_Down","Scarb2"
"5v0_Up_30v5_Down","Pcdhb17"
"5v0_Up_30v5_Down","Grina"
"5v0_Up_30v5_Down","Lrrc4b"
"5v0_Up_30v5_Down","Slco2a1"
"5v0_Up_30v5_Down","Fam20c"
"5v0_Up_30v5_Down","Slc6a15"
"5v0_Up_30v5_Down","Anxa11"
"5v0_Up_30v5_Down","Cacng8"
"5v0_Up_30v5_Down","Fdft1"
"5v0_Up_30v5_Down","Kcng2"
"5v0_Up_30v5_Down","Ptprs"
"5v0_Up_30v5_Down","Loxl1"
"5v0_Up_30v5_Down","Dpp6"
"5v0_Up_30v5_Down","Lrp1"
"5v0_Up_30v5_Down","Tnr"
"5v0_Up_30v5_Down","Tmed2"
"5v0_Up_30v5_Down","Abcc8"
"5v0_Up_30v5_Down","Kcnk1"
"5v0_Up_30v5_Down","Derl1"
"5v0_Up_30v5_Down","Slco3a1"
"5v0_Up_30v5_Down","Nrp2"
"5v0_Up_30v5_Down","Syt11"
"5v0_Up_30v5_Down","B4gat1"
"5v0_Up_30v5_Down","Ephb2"
"5v0_Up_30v5_Down","Aqp11"
"5v0_Up_30v5_Down","Clstn3"
"5v0_Up_30v5_Down","Ctsb"
"5v0_Up_30v5_Down","Pcdh10"
"5v0_Up_30v5_Down","Dhcr7"
"5v0_Up_30v5_Down","Hgsnat"
"5v0_Up_30v5_Down","Agpat1"
"5v0_Up_30v5_Down","Scamp5"
"5v0_Up_30v5_Down","Reep2"
"5v0_Up_30v5_Down","Sprn"
"5v0_Up_30v5_Down","Atp2b3"
"5v0_Up_30v5_Down","Lgi3"
"5v0_Up_30v5_Down","Dgcr2"
"5v0_Up_30v5_Down","Pcdhb7"
"5v0_Up_30v5_Down","Hapln4"
"5v0_Up_30v5_Down","Elapor1"
"5v0_Up_30v5_Down","Xk"
"5v0_Up_30v5_Down","Aplp1"
"5v0_Up_30v5_Down","Atg9a"
"5v0_Up_30v5_Down","Cdipt"
"5v0_Up_30v5_Down","Slc12a5"
"5v0_Up_30v5_Down","Atp2b2"
"5v0_Up_30v5_Down","Itfg1"
"5v0_Up_30v5_Down","Ckap4"
"5v0_Up_30v5_Down","Surf4"
"5v0_Up_30v5_Down","Alg9"
"5v0_Up_30v5_Down","Nrxn2"
"5v0_Up_30v5_Down","Tmbim6"
"5v0_Up_30v5_Down","Mansc1"
"5v0_Up_30v5_Down","Cpd"
"5v0_Up_30v5_Down","Mas1"
"5v0_Up_30v5_Down","Mfsd4a"
"5v0_Up_30v5_Down","Ptprj"
"5v0_Up_30v5_Down","Amigo1"
"5v0_Up_30v5_Down","Clstn1"
"5v0_Up_30v5_Down","Mfsd12"
"5v0_Up_30v5_Down","Ache"
"5v0_Up_30v5_Down","Atp6v0c"
"5v0_Up_30v5_Down","Clcn3"
"5v0_Up_30v5_Down","Galnt17"
"5v0_Up_30v5_Down","Gpc1"
"5v0_Up_30v5_Down","Ncstn"
"5v0_Up_30v5_Down","Tmem9"
"5v0_Up_30v5_Down","Pcsk5"
"5v0_Up_30v5_Down","Sema4f"
"5v0_Up_30v5_Down","Grin1"
"5v0_Up_30v5_Down","Rabac1"
"5v0_Up_30v5_Down","B3galnt1"
"5v0_Up_30v5_Down","Nfasc"
"5v0_Up_30v5_Down","Nrxn1"
"5v0_Up_30v5_Down","Pigt"
"5v0_Up_30v5_Down","Tmem19"
"5v0_Up_30v5_Down","Mgat1"
"5v0_Up_30v5_Down","Atp1b1"
"5v0_Up_30v5_Down","G6pc3"
"5v0_Up_30v5_Down","Slc49a4"
"5v0_Up_30v5_Down","Ctsf"
"5v0_Up_30v5_Down","Tmem131"
"5v0_Up_30v5_Down","Os9"
"5v0_Up_30v5_Down","Fkrp"
"5v0_Up_30v5_Down","Cacna1e"
"5v0_Up_30v5_Down","Slc35b2"
"5v0_Up_30v5_Down","Bace1"
"5v0_Up_30v5_Down","Disp2"
"5v0_Up_30v5_Down","Scpep1"
"5v0_Up_30v5_Down","Iglon5"
"5v0_Up_30v5_Down","Ssr2"
"5v0_Up_30v5_Down","Atp1a1"
"5v0_Up_30v5_Down","Lamp1"
"5v0_Up_30v5_Down","Chpf2"
"5v0_Up_30v5_Down","Sema6b"
"5v0_Up_30v5_Down","Paqr7"
"5v0_Up_30v5_Down","Ndc1"
"5v0_Up_30v5_Down","Mogs"
"5v0_Up_30v5_Down","Chst11"
"5v0_Up_30v5_Down","Icam5"
"5v0_Up_30v5_Down","Plxna1"
"5v0_Up_30v5_Down","Scamp1"
"5v0_Up_30v5_Down","Kdsr"
"5v0_Up_30v5_Down","Nectin4"
"5v0_Up_30v5_Down","Tmem25"
"5v0_Up_30v5_Down","Bsg"
"5v0_Up_30v5_Down","Col11a2"
"5v0_Up_30v5_Down","Ntrk3"
"5v0_Up_30v5_Down","Tmem145"
"5v0_Up_30v5_Down","Armh4"
"5v0_Up_30v5_Down","Atrnl1"
"5v0_Up_30v5_Down","Tfrc"
"5v0_Up_30v5_Down","Syt3"
"5v0_Up_30v5_Down","Galnt16"
"5v0_Up_30v5_Down","Gabrd"
"5v0_Up_30v5_Down","Clptm1l"
"5v0_Up_30v5_Down","Ncam1"
"5v0_Up_30v5_Down","Nptn"
"5v0_Up_30v5_Down","Slc23a2"
"5v0_Up_30v5_Down","Slc7a4"
"5v0_Up_30v5_Down","Dchs1"
"5v0_Up_30v5_Down","Cadm2"
"5v0_Up_30v5_Down","Tram1l1"
"5v0_Up_30v5_Down","Slc17a7"
"5v0_Up_30v5_Down","Ctsa"
"5v0_Up_30v5_Down","Clptm1"
"5v0_Up_30v5_Down","Ganab"
"5v0_Up_30v5_Down","Ly6e"
"5v0_Up_30v5_Down","Plppr1"
"5v0_Up_30v5_Down","Tmem87b"
"5v0_Up_30v5_Down","Tmco1"
"5v0_Up_30v5_Down","Pacc1"
"5v0_Up_30v5_Down","B4galnt1"
"5v0_Up_30v5_Down","Rnf128"
"5v0_Up_30v5_Down","Kcnj4"
"5v0_Up_30v5_Down","Rnf167"
"5v0_Up_30v5_Down","Agrn"
"5v0_Up_30v5_Down","Nomo1"
"5v0_Up_30v5_Down","Wscd2"
"5v0_Up_30v5_Down","Unc5c"
"5v0_Up_30v5_Down","Ext2"
"5v0_Up_30v5_Down","Ncan"
"5v0_Up_30v5_Down","Gfra2"
"5v0_Up_30v5_Down","Sigmar1"
"5v0_Up_30v5_Down","Kndc1"
"5v0_Up_30v5_Down","Sirpa"
"5v0_Up_30v5_Down","BC004004"
"5v0_Up_30v5_Down","Slc7a8"
"5v0_Up_30v5_Down","Tspan3"
"5v0_Up_30v5_Down","Thsd7a"
"5v0_Up_30v5_Down","Slc6a7"
"5v0_Up_30v5_Down","Slc48a1"
"5v0_Up_30v5_Down","Slc39a7"
"5v0_Up_30v5_Down","Csmd1"
"5v0_Up_30v5_Down","Mfsd6"
"5v0_Up_30v5_Down","Gpaa1"
"5v0_Up_30v5_Down","Gpc4"
"5v0_Up_30v5_Down","Rpn1"
"5v0_Up_30v5_Down","Tmem50a"
"5v0_Up_30v5_Down","Enpp5"
"5v0_Up_30v5_Down","Tmed9"
"5v0_Up_30v5_Down","Kcnj11"
"5v0_Up_30v5_Down","Pld3"
"5v0_Up_30v5_Down","Adam15"
"5v0_Up_30v5_Down","C1qtnf4"
"5v0_Up_30v5_Down","Foxred2"
"5v0_Up_30v5_Down","Nxpe3"
"5v0_Up_30v5_Down","Synpr"
"5v0_Up_30v5_Down","Abhd16a"
"5v0_Up_30v5_Down","Slc37a4"
"5v0_Up_30v5_Down","Mfsd5"
"5v0_Up_30v5_Down","Pomgnt2"
"5v0_Up_30v5_Down","Zdhhc8"
"5v0_Up_30v5_Down","Spock3"
"5v0_Up_30v5_Down","Alg2"
"5v0_Up_30v5_Down","Pigu"
"5v0_Up_30v5_Down","Gnptg"
"5v0_Up_30v5_Down","Gpr162"
"5v0_Up_30v5_Down","Ccbe1"
"5v0_Up_30v5_Down","Slc39a6"
"5v0_Up_30v5_Down","Adamts3"
"5v0_Up_30v5_Down","Ppib"
"5v0_Up_30v5_Down","Acp2"
"5v0_Up_30v5_Down","Slc39a13"
"5v0_Up_30v5_Down","Slit3"
"5v0_Up_30v5_Down","Insr"
"5v0_Up_30v5_Down","Tecr"
"5v0_Up_30v5_Down","Slc30a5"
"5v0_Up_30v5_Down","Rtn4rl1"
"5v0_Up_30v5_Down","Xylt2"
"5v0_Up_30v5_Down","Tmub1"
"5v0_Up_30v5_Down","Cntnap2"
"5v0_Up_30v5_Down","Slc38a7"
"5v0_Up_30v5_Down","Tmem161a"
"5v0_Up_30v5_Down","Vstm2a"
"5v0_Up_30v5_Down","Atp6v0b"
"5v0_Up_30v5_Down","Qsox2"
"5v0_Up_30v5_Down","Rnf26"
"5v0_Up_30v5_Down","Plppr2"
"5v0_Up_30v5_Down","Chst15"
"5v0_Up_30v5_Down","Tpp1"
"5v0_Up_30v5_Down","Tmem43"
"5v0_Up_30v5_Down","Grin2a"
"5v0_Up_30v5_Down","Spns1"
"5v0_Up_30v5_Down","Chst12"
"5v0_Up_30v5_Down","Pcdhgb2"
"5v0_Up_30v5_Down","Pcyox1"
"5v0_Up_30v5_Down","Rtn3"
"5v0_Up_30v5_Down","Acsl5"
"5v0_Up_30v5_Down","Scamp3"
"5v0_Up_30v5_Down","Pgrmc2"
"5v0_Up_30v5_Down","Lrp10"
"5v0_Up_30v5_Down","Nlgn1"
"5v0_Up_30v5_Down","Robo1"
"5v0_Up_30v5_Down","Slc37a3"
"5v0_Up_30v5_Down","B4galt6"
"5v0_Up_30v5_Down","Pcdhga3"
"5v0_Up_30v5_Down","Lrfn4"
"5v0_Up_30v5_Down","Maneal"
"5v0_Up_30v5_Down","2510039O18Rik"
"5v0_Up_30v5_Down","Slc12a9"
"5v0_Up_30v5_Up","Arl4d"
