"gene_name","CLIP_log2FC_5v0","CLIP_pvalue_5v0","Significant_5v0","Direction_5v0","CLIP_log2FC_30v5","CLIP_pvalue_30v5","Significant_30v5","Direction_30v5","Detected_in_5v0_CLIP_analysis","Detected_in_30v5_CLIP_analysis"
"2010300C02Rik",NA,NA,FALSE,"Not detected",NA,NA,FALSE,"Not detected",FALSE,FALSE
"2610507B11Rik",NA,NA,FALSE,"Not detected",NA,NA,FALSE,"Not detected",FALSE,FALSE
"3-Sep",NA,NA,FALSE,"Not detected",NA,NA,FALSE,"Not detected",FALSE,FALSE
"4932438A13Rik",NA,NA,FALSE,"Not detected",NA,NA,FALSE,"Not detected",FALSE,FALSE
"5-Sep",NA,NA,FALSE,"Not detected",NA,NA,FALSE,"Not detected",FALSE,FALSE
"Aatk",0.8806494751656373,0.1451719278926657,FALSE,"Not significant",-2.214609346167967,0.1938151928367723,FALSE,"Not significant",TRUE,TRUE
"Abcc5",1.1469861335143785,0.23729756739760172,FALSE,"Not significant",-1.1236641345165586,0.5651358344310411,FALSE,"Not significant",TRUE,TRUE
"Abhd17a",-0.36122451416367696,0.27173629618995243,FALSE,"Not significant",-1.743271269514218,0.3350952876821808,FALSE,"Not significant",TRUE,TRUE
"Abhd8",-0.03204074517695066,0.9084767379240184,FALSE,"Not significant",1.546554450080042,0.015373742096688875,TRUE,"Increased",TRUE,TRUE
"Aco2",-0.26725417119131123,0.2647106590007992,FALSE,"Not significant",0.8286380141708811,0.09249538616730538,FALSE,"Not significant",TRUE,TRUE
"Acta1",NA,NA,FALSE,"Not detected",NA,NA,FALSE,"Not detected",FALSE,FALSE
"Actb",-0.1917783621498801,0.5323983273751037,FALSE,"Not significant",1.8231529663175516,0.013770559380300468,TRUE,"Increased",TRUE,TRUE
"Actg1",-0.411887521509132,0.028129102455719358,TRUE,"Decreased",-0.5634866708162489,0.8229816126061926,FALSE,"Not significant",TRUE,TRUE
"Adat1",NA,NA,FALSE,"Not detected",NA,NA,FALSE,"Not detected",FALSE,FALSE
"Adcy1",-0.3774936284672403,0.2367933418649799,FALSE,"Not significant",1.1935984236812178,0.015088579710880574,TRUE,"Increased",TRUE,TRUE
"Adcy5",-0.5960324231467098,0.2546582642331978,FALSE,"Not significant",1.125639975604519,0.19011662334457438,FALSE,"Not significant",TRUE,TRUE
"Adgrb2",NA,NA,FALSE,"Not detected",-1.0557697545943654,0.6970814402693215,FALSE,"Not significant",FALSE,TRUE
"Adgrl1",-0.035788351272278085,0.878794841390536,FALSE,"Not significant",0.802951803639127,0.08263736114869923,FALSE,"Not significant",TRUE,TRUE
"Adgrl2",-0.07855758382674516,0.7997620646480057,FALSE,"Not significant",0.9957212991199054,0.03663837938245477,TRUE,"Increased",TRUE,TRUE
"Adrbk1",NA,NA,FALSE,"Not detected",NA,NA,FALSE,"Not detected",FALSE,FALSE
"Agap2",-0.3661264318073236,0.41532040039480955,FALSE,"Not significant",1.1145647576718778,0.07310990159085515,FALSE,"Not significant",TRUE,TRUE
"Akap11",-0.08772505129450536,0.7081942989551984,FALSE,"Not significant",0.18570102839287106,0.4924992399472178,FALSE,"Not significant",TRUE,TRUE
"Akap6",-0.2758897045540276,0.1652172280155037,FALSE,"Not significant",0.6264910385717626,0.056147963655638275,FALSE,"Not significant",TRUE,TRUE
"Akt3",-0.35158298222359763,0.2285898376509117,FALSE,"Not significant",0.9604099213928663,0.09358339691226299,FALSE,"Not significant",TRUE,TRUE
"Ank2",0.2280739176650568,0.44721375619712445,FALSE,"Not significant",0.555283517724676,0.2069543029188339,FALSE,"Not significant",TRUE,TRUE
"Ank3",-0.23550507180494495,0.28556572271041064,FALSE,"Not significant",0.7268501466074024,0.046619169990422676,TRUE,"Increased",TRUE,TRUE
"Ankrd11",-0.11910174784256178,0.5100362198845869,FALSE,"Not significant",0.30622421781729514,0.47068136874410227,FALSE,"Not significant",TRUE,TRUE
"Ankrd13c",0.03204137168295196,0.903547586528556,FALSE,"Not significant",0.5624755793315983,0.35916713031649594,FALSE,"Not significant",TRUE,TRUE
"Ap1b1",-0.16450960071970844,0.669448873928439,FALSE,"Not significant",-0.4174096361699,0.781818388308096,FALSE,"Not significant",TRUE,TRUE
"Ap2a2",-0.24896175688552802,0.3057921562910992,FALSE,"Not significant",0.645344844840877,0.15523169505875806,FALSE,"Not significant",TRUE,TRUE
"Ap2b1",0.04654298602024909,0.8962130500944585,FALSE,"Not significant",0.05477642305817643,0.9451120909242144,FALSE,"Not significant",TRUE,TRUE
"Apc",-0.17947846948936874,0.5143346659679615,FALSE,"Not significant",0.6906943244489536,0.26204595234459804,FALSE,"Not significant",TRUE,TRUE
"Aplp1",-0.6630298291857413,0.02060689900098034,TRUE,"Decreased",1.9419207427374452,0.018735985851799114,TRUE,"Increased",TRUE,TRUE
"Appbp2",-0.19357279841676656,0.6339345374794554,FALSE,"Not significant",-0.8924222619530657,0.497337156056085,FALSE,"Not significant",TRUE,TRUE
"Arel1",-0.22288869887051277,0.42546829804321296,FALSE,"Not significant",0.9221929223895815,0.08105498401658708,FALSE,"Not significant",TRUE,TRUE
"Arhgap21",-0.17395769305347697,0.3286298833266738,FALSE,"Not significant",0.4844398931082048,0.38045940377806664,FALSE,"Not significant",TRUE,TRUE
"Arhgap32",0.013231300964904769,0.930008408783065,FALSE,"Not significant",0.7375101744888131,0.12232335622827985,FALSE,"Not significant",TRUE,TRUE
"Arhgap33",NA,NA,FALSE,"Not detected",NA,NA,FALSE,"Not detected",FALSE,FALSE
"Arhgap35",0.0975798458791175,0.3735560835357419,FALSE,"Not significant",0.23557244287450896,0.29965621615308935,FALSE,"Not significant",TRUE,TRUE
"Arhgap5",0.15157288224538412,0.6864816410855572,FALSE,"Not significant",-0.5366830410007921,0.443364767848181,FALSE,"Not significant",TRUE,TRUE
"Arhgef11",0.016594217405134337,0.9160945505212106,FALSE,"Not significant",0.1927084760282458,0.6760189364854472,FALSE,"Not significant",TRUE,TRUE
"Arhgef17",-0.18943226565263327,0.49345836433636603,FALSE,"Not significant",0.41627961785366896,0.39532683600936336,FALSE,"Not significant",TRUE,TRUE
"Arhgef28",-0.013644269984462776,0.9360808230078143,FALSE,"Not significant",0.43099581777112395,0.3393317973304508,FALSE,"Not significant",TRUE,TRUE
"Arhgef4",-0.36337418602336546,0.1196512800603477,FALSE,"Not significant",0.4228231613581115,0.4059985311748343,FALSE,"Not significant",TRUE,TRUE
"Arid1a",-0.3054101201082604,0.30322632012396944,FALSE,"Not significant",0.3762343082590158,0.31286400277876875,FALSE,"Not significant",TRUE,TRUE
"Ash1l",0.041571749193851204,0.7763276406325581,FALSE,"Not significant",0.13815534965927334,0.7407568913818702,FALSE,"Not significant",TRUE,TRUE
"Atp1a3",-0.44321626361248256,0.17953131356912028,FALSE,"Not significant",1.5955498247280975,0.057240831229939684,FALSE,"Not significant",TRUE,TRUE
"Atp2b2",-0.3873751780033059,0.16121509502864234,FALSE,"Not significant",1.1365721437429368,0.026159502673446106,TRUE,"Increased",TRUE,TRUE
"Atp5b",NA,NA,FALSE,"Not detected",NA,NA,FALSE,"Not detected",FALSE,FALSE
"Atp9a",-0.061371465806420056,0.9349625214486645,FALSE,"Not significant",-1.0875798228373457,0.4083128716175948,FALSE,"Not significant",TRUE,TRUE
"B3gat1",-0.14515531980202923,0.8077711199569837,FALSE,"Not significant",1.614121289241738,0.0287412476348547,TRUE,"Increased",TRUE,TRUE
"Bag6",NA,NA,FALSE,"Not detected",NA,NA,FALSE,"Not detected",FALSE,FALSE
"Bap1",0.12198264746220122,0.5279472546879396,FALSE,"Not significant",-3.8860218758377485,0.1000908469971929,FALSE,"Not significant",TRUE,TRUE
"Bcr",-0.19985334042762748,0.4013075585158924,FALSE,"Not significant",0.9203724441788874,0.008865288892167268,TRUE,"Increased",TRUE,TRUE
"Begain",-0.14289119974738185,0.6441573619996804,FALSE,"Not significant",-0.7465968929878843,0.5937732853345308,FALSE,"Not significant",TRUE,TRUE
"Brsk1",-0.44233245428737433,0.3639185391939279,FALSE,"Not significant",1.3389066208920966,0.04750011636461493,TRUE,"Increased",TRUE,TRUE
"Bsn",-0.46351191552655635,0.06298268229166024,FALSE,"Not significant",0.8061404532749652,0.15546201374231317,FALSE,"Not significant",TRUE,TRUE
"Btbd6",-2.9530459162574765,0.17005044774945638,FALSE,"Not significant",2.5746222967146313,0.5257160523391674,FALSE,"Not significant",TRUE,TRUE
"Cabp7",-0.3791453582589499,0.2930067365652099,FALSE,"Not significant",1.4582577039204896,0.009179642758372554,TRUE,"Increased",TRUE,TRUE
"Cacna1i",0.1892047215047734,0.5395123498947403,FALSE,"Not significant",1.1660512341371527,0.09843022849079298,FALSE,"Not significant",TRUE,TRUE
"Cacnb3",-0.22908755236855605,0.5752769238794546,FALSE,"Not significant",0.3213942522698954,0.6068144428047396,FALSE,"Not significant",TRUE,TRUE
"Cacnb4",0.18886253902943562,0.5107920917927283,FALSE,"Not significant",0.26701771998655,0.5324257800140594,FALSE,"Not significant",TRUE,TRUE
"Cacng8",0.015521443941233226,0.9792893975187431,FALSE,"Not significant",1.7158747694671301,0.40323847397642254,FALSE,"Not significant",TRUE,TRUE
"Calm1",-0.15913249920671202,0.6638436154152723,FALSE,"Not significant",1.3282073413479365,0.02180538938077377,TRUE,"Increased",TRUE,TRUE
"Camk2a",-0.04669003925481707,0.8805902400812737,FALSE,"Not significant",1.3483814921474755,0.005892838086816329,TRUE,"Increased",TRUE,TRUE
"Camk2b",-0.2604294073535307,0.5194435802969949,FALSE,"Not significant",1.3185829690866655,0.01511643717434657,TRUE,"Increased",TRUE,TRUE
"Camk2n1",-0.40577504430854106,0.30553483012541305,FALSE,"Not significant",0.8079907885886088,0.0732607804886709,FALSE,"Not significant",TRUE,TRUE
"Camk2n2",NA,NA,FALSE,"Not detected",NA,NA,FALSE,"Not detected",FALSE,FALSE
"Camsap2",-0.2662612149006227,0.2881813838041936,FALSE,"Not significant",1.1168143000766753,0.007543692157993423,TRUE,"Increased",TRUE,TRUE
"Camta2",1.6059439679396146,0.35060976879254413,FALSE,"Not significant",-2.2676149119446785,0.39487408464488205,FALSE,"Not significant",TRUE,TRUE
"Cbx6",-0.45626165848497724,0.3260326834447982,FALSE,"Not significant",1.5760617869670535,0.02359491488774689,TRUE,"Increased",TRUE,TRUE
"Ccdc174",NA,NA,FALSE,"Not detected",NA,NA,FALSE,"Not detected",FALSE,FALSE
"Cdc42bpb",-0.14570834334053995,0.2438883564940566,FALSE,"Not significant",-0.23737843675267012,0.577398324914685,FALSE,"Not significant",TRUE,TRUE
"Cdh8",0.22510780640021588,0.7682910101055626,FALSE,"Not significant",2.3174288572196664,0.0475753415944006,TRUE,"Increased",TRUE,TRUE
"Cdk16",-0.19748318275222054,0.26600866893846803,FALSE,"Not significant",0.7459899322627628,0.15181601015526894,FALSE,"Not significant",TRUE,TRUE
"Cdkl5",0.05333138844336793,0.7910371359906218,FALSE,"Not significant",0.24440890276256577,0.5675500922077957,FALSE,"Not significant",TRUE,TRUE
"Celf4",-0.19038787659481393,0.45760414601804045,FALSE,"Not significant",1.0415371631797958,0.06062176014049557,FALSE,"Not significant",TRUE,TRUE
"Cep162",NA,NA,FALSE,"Not detected",NA,NA,FALSE,"Not detected",FALSE,FALSE
"Cep170b",-0.5994658734391383,0.1458920265691693,FALSE,"Not significant",1.1494208055310269,0.0864110810555909,FALSE,"Not significant",TRUE,TRUE
"Chd3",-0.13264953955950798,0.6271264003589103,FALSE,"Not significant",0.9986821601691895,0.038443951265972186,TRUE,"Increased",TRUE,TRUE
"Chd5",0.11407996386929042,0.42676926345304156,FALSE,"Not significant",0.3672596626247975,0.5884726461075482,FALSE,"Not significant",TRUE,TRUE
"Chst15",-0.9055462561586025,4.349879284303395e-4,TRUE,"Decreased",1.7830560487368485,4.432635668251823e-5,TRUE,"Increased",TRUE,TRUE
"Chsy3",NA,NA,FALSE,"Not detected",NA,NA,FALSE,"Not detected",FALSE,FALSE
"Cic",-0.8884154066118768,0.08955769762111314,FALSE,"Not significant",1.6220648922538259,0.018990354008433574,TRUE,"Increased",TRUE,TRUE
"Cnih2",-0.33119338094742057,0.39685978380307263,FALSE,"Not significant",-0.9314679395339946,0.6269165145431589,FALSE,"Not significant",TRUE,TRUE
"Cnksr2",-0.2554389971468831,0.4129648903960864,FALSE,"Not significant",1.2065581285841658,0.017211352900741033,TRUE,"Increased",TRUE,TRUE
"Cntnap1",-0.43127508062722963,0.19196854536115476,FALSE,"Not significant",1.2543036480341128,0.010359194145335662,TRUE,"Increased",TRUE,TRUE
"Cog5",0.15522167763096256,0.8148018069364422,FALSE,"Not significant",-0.66792469294517,0.4282790005352771,FALSE,"Not significant",TRUE,TRUE
"Cpe",-0.057940807188764154,0.754752732565801,FALSE,"Not significant",1.1166110026240628,0.09942575737378143,FALSE,"Not significant",TRUE,TRUE
"Crebbp",-0.14382736154096332,0.3931914923466815,FALSE,"Not significant",0.5589835836894315,0.14804586552749252,FALSE,"Not significant",TRUE,TRUE
"Crtc1",-0.5858583390366459,0.268719080617922,FALSE,"Not significant",1.159843615004183,0.19836392287442706,FALSE,"Not significant",TRUE,TRUE
"Csnk1g2",-0.15276341530405713,0.2736018748486949,FALSE,"Not significant",0.6783408602992846,0.2657612607921892,FALSE,"Not significant",TRUE,TRUE
"Ctnnd2",-0.023245638752947384,0.9159004151901218,FALSE,"Not significant",0.38772700767666357,0.23065431562362462,FALSE,"Not significant",TRUE,TRUE
"Cyfip2",-0.1960807320530158,0.36744973647534,FALSE,"Not significant",1.040846891843822,0.011251703165747275,TRUE,"Increased",TRUE,TRUE
"Dab2ip",NA,NA,FALSE,"Not detected",NA,NA,FALSE,"Not detected",FALSE,FALSE
"Dact3",-0.24489976988483164,0.6609525124492172,FALSE,"Not significant",1.1170685796544504,0.10618112416236962,FALSE,"Not significant",TRUE,TRUE
"Ddn",-0.22386043567443803,0.6128028397212498,FALSE,"Not significant",1.569162639199308,0.01470765824215261,TRUE,"Increased",TRUE,TRUE
"Ddx6",-0.08956017609675548,0.7381517973063482,FALSE,"Not significant",0.1551683141218838,0.7378731842047216,FALSE,"Not significant",TRUE,TRUE
"Dennd5a",-0.05393822089361411,0.6992627536010866,FALSE,"Not significant",0.19923946754816058,0.5937070203569701,FALSE,"Not significant",TRUE,TRUE
"Dgkz",NA,NA,FALSE,"Not detected",NA,NA,FALSE,"Not detected",FALSE,FALSE
"Dlg2",-0.581454481805709,0.35494022199182773,FALSE,"Not significant",2.0152144251266315,0.03331843313924795,TRUE,"Increased",TRUE,TRUE
"Dlg4",-0.1581569813614392,0.7646295038579558,FALSE,"Not significant",0.7936598111002482,0.3295452485823208,FALSE,"Not significant",TRUE,TRUE
"Dlgap1",0.00521743190447399,0.991745335803843,FALSE,"Not significant",0.8938925595802534,0.1441292520077225,FALSE,"Not significant",TRUE,TRUE
"Dlgap3",-0.0639992718721678,0.9168762639629606,FALSE,"Not significant",1.089969385192004,0.2438185145360769,FALSE,"Not significant",TRUE,TRUE
"Dlgap4",-0.1272146172609525,0.8217000573200428,FALSE,"Not significant",0.8766744197599428,0.2107582335324151,FALSE,"Not significant",TRUE,TRUE
"Dmtn",-0.200703359389939,0.45275711324434287,FALSE,"Not significant",1.27355892149663,0.034017030242032426,TRUE,"Increased",TRUE,TRUE
"Dmxl2",-0.10954789477009719,0.5235055136003125,FALSE,"Not significant",0.6443920683652316,0.05520883034843332,FALSE,"Not significant",TRUE,TRUE
"Dok6",0.1621724161261291,0.7461136010534717,FALSE,"Not significant",0.6287652504738945,0.4058554166099152,FALSE,"Not significant",TRUE,TRUE
"Dopey2",NA,NA,FALSE,"Not detected",NA,NA,FALSE,"Not detected",FALSE,FALSE
"Dpp8",-0.11974429548455312,0.4826984030011622,FALSE,"Not significant",0.5777696217691624,0.10124345315957169,FALSE,"Not significant",TRUE,TRUE
"Dst",0.5198919275637153,0.14795159623733592,FALSE,"Not significant",-1.4318438169199148,0.01476364712746957,TRUE,"Decreased",TRUE,TRUE
"Dusp7",0.3415684185494454,0.5077784117172361,FALSE,"Not significant",0.43927562073760473,0.5970618335870644,FALSE,"Not significant",TRUE,TRUE
"Dusp8",-0.4497153144014554,0.14731104482954768,FALSE,"Not significant",1.4696444602522583,0.002689130369712604,TRUE,"Increased",TRUE,TRUE
"Dync1h1",0.048482552270516344,0.5759105115099716,FALSE,"Not significant",0.13357704701774153,0.7795143830711713,FALSE,"Not significant",TRUE,TRUE
"Dzip1",0.09435061727878846,0.6164837847771597,FALSE,"Not significant",0.15687795164716345,0.660949275916584,FALSE,"Not significant",TRUE,TRUE
"Eef1a1",0.15704475100062698,0.6342051802821607,FALSE,"Not significant",1.2165749034213134,0.17814417126524426,FALSE,"Not significant",TRUE,TRUE
"Eef1a2",-0.14068202415659492,0.7827541022744926,FALSE,"Not significant",1.483136732314664,0.07653312193630164,FALSE,"Not significant",TRUE,TRUE
"Eef2",0.18996539296804738,0.14584815698419956,FALSE,"Not significant",1.0361752600209702,0.0017287102272062862,TRUE,"Increased",TRUE,TRUE
"Ehmt2",0.3302837147873481,0.6341967392683808,FALSE,"Not significant",-2.1513526104556404,0.42826651164745055,FALSE,"Not significant",TRUE,TRUE
"Eif3f",NA,NA,FALSE,"Not detected",NA,NA,FALSE,"Not detected",FALSE,FALSE
"Elfn2",-0.015186461396265116,0.969030493647534,FALSE,"Not significant",0.5481601585261262,0.3370609517795443,FALSE,"Not significant",TRUE,TRUE
"Eml2",3.130449625150339,0.11313192892468839,FALSE,"Not significant",-4.2206294553449215,0.11575857276817784,FALSE,"Not significant",TRUE,TRUE
"Entpd4",1.002004765097818,0.47393022323911027,FALSE,"Not significant",-2.9539892219393025,0.187883335631524,FALSE,"Not significant",TRUE,TRUE
"Epb41l1",NA,NA,FALSE,"Not detected",NA,NA,FALSE,"Not detected",FALSE,FALSE
"Epn1",0.1597492256171993,0.5781786999064098,FALSE,"Not significant",-1.2760418889404894,0.4754489859159958,FALSE,"Not significant",TRUE,TRUE
"Exoc6b",-0.04968027883823134,0.7928395413979535,FALSE,"Not significant",0.4577200953624677,0.28284657213531683,FALSE,"Not significant",TRUE,TRUE
"Fasn",-0.12700954056437652,0.7207503415122191,FALSE,"Not significant",0.3424720456766739,0.6660759308231496,FALSE,"Not significant",TRUE,TRUE
"Fbxl16",-0.1273873646614252,0.7627606220271751,FALSE,"Not significant",1.3775742429282243,0.02870239256546655,TRUE,"Increased",TRUE,TRUE
"Fbxo11",-0.16380563246322222,0.5892281580408587,FALSE,"Not significant",0.3749103451393916,0.4345605708784691,FALSE,"Not significant",TRUE,TRUE
"Frmpd4",-0.10559738634569182,0.5386091958906423,FALSE,"Not significant",-0.3405339190417147,0.5640953603032409,FALSE,"Not significant",TRUE,TRUE
"Fry",-0.10337137180341438,0.3670896423445958,FALSE,"Not significant",0.4831353069075992,0.11642531858354356,FALSE,"Not significant",TRUE,TRUE
"Fth1",0.12169736942322551,0.565620737325494,FALSE,"Not significant",0.5157672653275904,0.3110779856583857,FALSE,"Not significant",TRUE,TRUE
"Fxr1",1.3796972675314911,0.3029075353343097,FALSE,"Not significant",-1.8513007437856999,0.32653643144612576,FALSE,"Not significant",TRUE,TRUE
"Gabbr1",-0.39248252305637266,0.1567005498546367,FALSE,"Not significant",1.2708441546324956,0.0032203129640633443,TRUE,"Increased",TRUE,TRUE
"Gabbr2",-0.28528286309859974,0.13533706558546907,FALSE,"Not significant",1.0748672261530317,0.01735458181168761,TRUE,"Increased",TRUE,TRUE
"Gcc2",0.8720152923064441,0.043608431898535055,TRUE,"Increased",-0.49644548120428755,0.4477893322354388,FALSE,"Not significant",TRUE,TRUE
"Gga2",NA,NA,FALSE,"Not detected",NA,NA,FALSE,"Not detected",FALSE,FALSE
"Git1",-0.23098111071192395,0.5508577067679163,FALSE,"Not significant",1.2353207758236433,0.037059698453701835,TRUE,"Increased",TRUE,TRUE
"Gm15800",NA,NA,FALSE,"Not detected",NA,NA,FALSE,"Not detected",FALSE,FALSE
"Gm996",NA,NA,FALSE,"Not detected",NA,NA,FALSE,"Not detected",FALSE,FALSE
"Gnas",NA,NA,FALSE,"Not detected",NA,NA,FALSE,"Not detected",FALSE,FALSE
"Gnb1",-0.5897043827814157,0.13220297084853522,FALSE,"Not significant",1.714786449372502,0.015715477433008426,TRUE,"Increased",TRUE,TRUE
"Gng7",-1.5538450177159917,0.002172803928335644,TRUE,"Decreased",1.1593198998076724,0.552064147590449,FALSE,"Not significant",TRUE,TRUE
"Gpi1",0.048491215376468944,0.8959618525718487,FALSE,"Not significant",0.013666050582009426,0.9829223011216781,FALSE,"Not significant",TRUE,TRUE
"Grik5",-0.05083184909642924,0.7994406134492701,FALSE,"Not significant",0.44861464193576817,0.43153987221861523,FALSE,"Not significant",TRUE,TRUE
"Grin2a",-0.30199362864191226,0.2894292918424933,FALSE,"Not significant",1.200895167532075,0.03322494065341422,TRUE,"Increased",TRUE,TRUE
"Grin2b",-0.1588521792965274,0.5005795596009449,FALSE,"Not significant",0.8608663591985168,0.060702716608701114,FALSE,"Not significant",TRUE,TRUE
"Grm5",-0.11712682070396463,0.5581485827167525,FALSE,"Not significant",1.149424033780433,0.018636579866223496,TRUE,"Increased",TRUE,TRUE
"Hcfc1",-0.2518847286013246,0.16436363410926993,FALSE,"Not significant",0.6269356828689894,0.18464624422741582,FALSE,"Not significant",TRUE,TRUE
"Hcn2",-0.1516511909308873,0.4850939627696007,FALSE,"Not significant",0.7995211354246283,0.287837437483667,FALSE,"Not significant",TRUE,TRUE
"Hdac5",-0.5614872362814145,0.4330634440043575,FALSE,"Not significant",1.1121468690574314,0.5299985208149999,FALSE,"Not significant",TRUE,TRUE
"Herc2",-0.13406144862507574,0.4013693918545247,FALSE,"Not significant",0.33057729270086433,0.1039336589467245,FALSE,"Not significant",TRUE,TRUE
"Hipk1",-0.01897689144968595,0.926959912366761,FALSE,"Not significant",-0.3889416422827896,0.28998764332206206,FALSE,"Not significant",TRUE,TRUE
"Hivep2",-0.14349846917199027,0.6042089021887429,FALSE,"Not significant",1.0301954791256733,0.03151669928091716,TRUE,"Increased",TRUE,TRUE
"Hmgxb4",NA,NA,FALSE,"Not detected",NA,NA,FALSE,"Not detected",FALSE,FALSE
"Hpca",-0.4195665969541471,0.4012178363481219,FALSE,"Not significant",1.7476932811755654,0.014095949211875968,TRUE,"Increased",TRUE,TRUE
"Hpcal4",-0.39236494512945796,0.19378217540343706,FALSE,"Not significant",1.904056282118551,0.0021868347810531214,TRUE,"Increased",TRUE,TRUE
"Hs6st3",NA,NA,FALSE,"Not detected",1.1703783357274329,0.06734995864851541,FALSE,"Not significant",FALSE,TRUE
"Hspa8",-0.18795234598940436,0.6956488396507997,FALSE,"Not significant",-0.1117467118654294,0.9547533110772841,FALSE,"Not significant",TRUE,TRUE
"Huwe1",-0.17650628776377442,0.2690512214783484,FALSE,"Not significant",0.8169491935587567,0.024773912512428317,TRUE,"Increased",TRUE,TRUE
"Ids",-0.37747411121458896,0.047907999435430344,TRUE,"Decreased",1.0297761717341247,0.0708069180517924,FALSE,"Not significant",TRUE,TRUE
"Iqsec1",-0.289207196631208,0.14638506545379476,FALSE,"Not significant",0.8351111069669357,0.15693512239921817,FALSE,"Not significant",TRUE,TRUE
"Iqsec2",-0.42248706324532925,0.11532359198970131,FALSE,"Not significant",1.6182778541825176,0.009426846651012571,TRUE,"Increased",TRUE,TRUE
"Iqsec3",-0.5072403055523242,0.054366999780500955,FALSE,"Not significant",0.6649168778496266,0.43283955804333074,FALSE,"Not significant",TRUE,TRUE
"Itpka",-0.5748053039147858,0.3276835215761284,FALSE,"Not significant",-0.06795560380178123,0.9679043331227549,FALSE,"Not significant",TRUE,TRUE
"Itpr1",-0.029633559802311193,0.924351884697026,FALSE,"Not significant",0.9137360258213829,0.025078828544021825,TRUE,"Increased",TRUE,TRUE
"Jph3",0.10082228962143702,0.831568734990211,FALSE,"Not significant",0.8788081228194864,0.1344105911558317,FALSE,"Not significant",TRUE,TRUE
"Jph4",-0.05537124293446283,0.8717951574599143,FALSE,"Not significant",1.1015238534226075,0.04042487783611324,TRUE,"Increased",TRUE,TRUE
"Kalrn",-0.3149802236217383,0.42561349495984624,FALSE,"Not significant",0.7347659480778135,0.14885843684083644,FALSE,"Not significant",TRUE,TRUE
"Kcnab2",0.3367333466393707,0.34345837823414904,FALSE,"Not significant",0.08548683115765021,0.923702264622399,FALSE,"Not significant",TRUE,TRUE
"Kcnh7",-0.0699831805687321,0.8762085472614916,FALSE,"Not significant",0.481851927484662,0.5440165867494815,FALSE,"Not significant",TRUE,TRUE
"Kcnip3",-0.06473524651953677,0.9499380691885704,FALSE,"Not significant",0.03752437591630842,0.9859481668100698,FALSE,"Not significant",TRUE,TRUE
"Kcnk9",NA,NA,FALSE,"Not detected",NA,NA,FALSE,"Not detected",FALSE,FALSE
"Kcnma1",0.5316691668099749,0.4056004968674579,FALSE,"Not significant",0.1578148847778308,0.8489092542045826,FALSE,"Not significant",TRUE,TRUE
"Kcnq2",-0.5129233306071268,0.17508912293634146,FALSE,"Not significant",1.8384913571037607,0.002235792449745846,TRUE,"Increased",TRUE,TRUE
"Kcnq3",-0.11270596286120993,0.7947774000710067,FALSE,"Not significant",0.2234970916791279,0.6469030962048387,FALSE,"Not significant",TRUE,TRUE
"Kctd1",0.14003375183744216,0.6186980789015585,FALSE,"Not significant",-0.3882965855910061,0.7330032179817374,FALSE,"Not significant",TRUE,TRUE
"Kctd15",NA,NA,FALSE,"Not detected",NA,NA,FALSE,"Not detected",FALSE,FALSE
"Kif1a",-0.39635837789647876,0.05059682969416038,FALSE,"Not significant",1.259190613425612,0.005379552338656346,TRUE,"Increased",TRUE,TRUE
"Kif1b",-0.0675670444209926,0.6869885490291929,FALSE,"Not significant",0.12212653667761408,0.6692346789246242,FALSE,"Not significant",TRUE,TRUE
"Kif5a",-0.19256900502204743,0.39295470519918396,FALSE,"Not significant",1.1622083859918053,0.004789860109462819,TRUE,"Increased",TRUE,TRUE
"Kif5c",-0.2626517885228239,0.2936091038010486,FALSE,"Not significant",1.0859755108405125,0.019722881173003765,TRUE,"Increased",TRUE,TRUE
"Kifc2",-0.37174548057945067,0.37852700909702763,FALSE,"Not significant",0.47783326851510743,0.3783860951772916,FALSE,"Not significant",TRUE,TRUE
"Klf13",-0.2946517464483507,0.4542550710936314,FALSE,"Not significant",1.007882579909078,0.05602298552779354,FALSE,"Not significant",TRUE,TRUE
"Lars2",-0.007503445349344773,0.9838595890760765,FALSE,"Not significant",0.8005491740486192,0.09930879541243133,FALSE,"Not significant",TRUE,TRUE
"Lats2",0.16951987596132945,0.6130550181013172,FALSE,"Not significant",-0.7246132660525286,0.4349768351103357,FALSE,"Not significant",TRUE,TRUE
"Lhfp",NA,NA,FALSE,"Not detected",NA,NA,FALSE,"Not detected",FALSE,FALSE
"Lingo1",-0.784770669706413,0.030670343849705628,TRUE,"Decreased",1.830142421254179,0.010728691763850442,TRUE,"Increased",TRUE,TRUE
"Lmtk2",-0.3877068333464093,0.151193119353455,FALSE,"Not significant",0.39819549046494984,0.47889695289634915,FALSE,"Not significant",TRUE,TRUE
"Lnpep",-0.11280056675146266,0.6556995285363305,FALSE,"Not significant",0.24119076114345983,0.5912219316941764,FALSE,"Not significant",TRUE,TRUE
"Lrrc10b",-0.30592940572136484,0.5042835298325179,FALSE,"Not significant",-3.903147098406586,0.16574828944892933,FALSE,"Not significant",TRUE,TRUE
"Lrrc4b",-0.29033299619521014,0.4474989523900692,FALSE,"Not significant",0.7786152791976924,0.13127502839423394,FALSE,"Not significant",TRUE,TRUE
"Lrrc4c",0.037750515212105484,0.9166568505086776,FALSE,"Not significant",0.5604565710877112,0.4271652659553947,FALSE,"Not significant",TRUE,TRUE
"Lrrc7",-0.014283498315433851,0.9502984074897391,FALSE,"Not significant",0.6990927490670702,0.19680466860212298,FALSE,"Not significant",TRUE,TRUE
"Lrrc8b",-1.090109923594264,0.033640732876870895,TRUE,"Decreased",1.9773256808063298,0.04049782804843817,TRUE,"Increased",TRUE,TRUE
"Lztr1",0.2738470156034074,0.6932010547813439,FALSE,"Not significant",-0.21198962978325797,0.9155858945925184,FALSE,"Not significant",TRUE,TRUE
"Magi2",-0.3882946273206358,0.03237300946589288,TRUE,"Decreased",1.171438390000441,5.477774473931626e-4,TRUE,"Increased",TRUE,TRUE
"Man2a2",0.13047237690462055,0.3123421968014319,FALSE,"Not significant",-0.019032313269037537,0.9437246380014492,FALSE,"Not significant",TRUE,TRUE
"Map1a",-0.27225291129846596,0.25934824522448724,FALSE,"Not significant",0.8775119658739463,0.042837703233135016,TRUE,"Increased",TRUE,TRUE
"Map1b",-0.2336830986965852,0.35564804430939934,FALSE,"Not significant",1.0668370924686679,0.02611205384215895,TRUE,"Increased",TRUE,TRUE
"Map2",-0.1834514115436674,0.5404895109948732,FALSE,"Not significant",1.2860864381586525,0.011634501782888662,TRUE,"Increased",TRUE,TRUE
"Map3k10",-0.1731371570033735,0.604985038630499,FALSE,"Not significant",-1.1506904147316819,0.5299757856546121,FALSE,"Not significant",TRUE,TRUE
"Mapk8ip1",0.060030742679268556,0.7970121154966405,FALSE,"Not significant",0.03106909633108046,0.9363300110860413,FALSE,"Not significant",TRUE,TRUE
"Marf1",-0.18451470171350604,0.4047151304918838,FALSE,"Not significant",0.7509592683143538,0.013115604720233666,TRUE,"Increased",TRUE,TRUE
"Mark4",-0.9375458105082326,0.06761590924824161,FALSE,"Not significant",0.1326663981966102,0.9231253968326936,FALSE,"Not significant",TRUE,TRUE
"Mast2",-0.3553916040040468,0.21951329101722294,FALSE,"Not significant",1.5907586498544344,0.014976232604238011,TRUE,"Increased",TRUE,TRUE
"Mast3",-0.5804332971411688,0.02520824463829343,TRUE,"Decreased",1.8743442012832228,0.0037947078401471984,TRUE,"Increased",TRUE,TRUE
"Matr3",-0.16213475250311937,0.718552445840986,FALSE,"Not significant",0.5864848807051888,0.3429629860644623,FALSE,"Not significant",TRUE,TRUE
"Maz",-0.21277674773390842,0.622871997993486,FALSE,"Not significant",0.5124642669724988,0.44661985152313033,FALSE,"Not significant",TRUE,TRUE
"Me1",1.9420311186304755,0.07104276924871492,FALSE,"Not significant",-3.8765502113110797,0.01594665118191453,TRUE,"Decreased",TRUE,TRUE
"Med13l",-0.12989081648087364,0.5427400845901665,FALSE,"Not significant",0.983510742688928,0.027461328525677224,TRUE,"Increased",TRUE,TRUE
"Mical2",-0.17036955840380408,0.6917460975027312,FALSE,"Not significant",1.255438874275268,0.026797578779849982,TRUE,"Increased",TRUE,TRUE
"Mical3",0.2975119820728991,0.4315066928850405,FALSE,"Not significant",-0.262158807449008,0.7078138223345674,FALSE,"Not significant",TRUE,TRUE
"Mink1",-1.3536854573154078,0.008785843511041223,TRUE,"Decreased",3.0014007836922945,2.1812647697726773e-4,TRUE,"Increased",TRUE,TRUE
"Mllt6",-0.004062417844798105,0.9932024189185209,FALSE,"Not significant",0.5776292701523884,0.34629679431854876,FALSE,"Not significant",TRUE,TRUE
"Mpped1",-0.174669324597152,0.8048874920634959,FALSE,"Not significant",-0.7913437212283263,0.6200611035125143,FALSE,"Not significant",TRUE,TRUE
"Mprip",-0.1254091825545003,0.24738540945091106,FALSE,"Not significant",0.7831747474328421,0.038566851362912095,TRUE,"Increased",TRUE,TRUE
"Mta3",NA,NA,FALSE,"Not detected",NA,NA,FALSE,"Not detected",FALSE,FALSE
"Mycbp2",-0.4434006846380756,0.14170917807003505,FALSE,"Not significant",0.7084050133904123,0.06085633407722658,FALSE,"Not significant",TRUE,TRUE
"Nav3",-0.5125942862809487,0.10247413710351569,FALSE,"Not significant",1.072516736317474,0.020874343949314426,TRUE,"Increased",TRUE,TRUE
"Nbea",-0.21465976462665637,0.23629173973864248,FALSE,"Not significant",0.4713762738288394,0.196708184276141,FALSE,"Not significant",TRUE,TRUE
"Ncdn",-0.27005843223305703,0.32874036417283875,FALSE,"Not significant",1.8170441465725928,0.004421359025193172,TRUE,"Increased",TRUE,TRUE
"Nckap1",-0.1362035686699583,0.5751221262618031,FALSE,"Not significant",0.8352970689384298,0.06636972857849865,FALSE,"Not significant",TRUE,TRUE
"Ncoa1",-0.06709958917734093,0.7726827490406333,FALSE,"Not significant",0.5225566487851232,0.23443946979165944,FALSE,"Not significant",TRUE,TRUE
"Ncor1",-0.33077269774543216,0.18024327065034493,FALSE,"Not significant",1.1090949853108998,0.0405831740620073,TRUE,"Increased",TRUE,TRUE
"Ncor2",-0.6833210755230531,0.2520638360194429,FALSE,"Not significant",1.3070153760653689,0.41587931607447925,FALSE,"Not significant",TRUE,TRUE
"Ncs1",-0.18270433621943738,0.571815557274217,FALSE,"Not significant",0.5184318716878877,0.4763640314858778,FALSE,"Not significant",TRUE,TRUE
"Ndst1",-0.5426456125002854,0.21498512171232179,FALSE,"Not significant",0.9129584919614162,0.19119149412715758,FALSE,"Not significant",TRUE,TRUE
"Ndst4",0.2655324236438771,0.6043482533510491,FALSE,"Not significant",1.0980305231338852,0.4468514957267382,FALSE,"Not significant",TRUE,TRUE
"Nedd4l",-0.31302380332778057,0.29205872357639867,FALSE,"Not significant",0.8632472499540516,0.06919514490452025,FALSE,"Not significant",TRUE,TRUE
"Neurl1a",-0.6989432434343383,0.20732026834062142,FALSE,"Not significant",0.9639821128770647,0.21981459433817066,FALSE,"Not significant",TRUE,TRUE
"Neurl1b",0.4151747590744481,0.43866141123138824,FALSE,"Not significant",-1.5882083443013881,0.3799018809711795,FALSE,"Not significant",TRUE,TRUE
"Nf1",-0.12438225214518006,0.6854628525984552,FALSE,"Not significant",0.3230538807780441,0.4541515162872892,FALSE,"Not significant",TRUE,TRUE
"Nisch",-0.06233938570454978,0.6469541802316792,FALSE,"Not significant",0.7444453271768108,0.16383086966622307,FALSE,"Not significant",TRUE,TRUE
"Nol8",-0.6395161862898489,0.3935922340656941,FALSE,"Not significant",-3.046701388190389,0.07501297941220884,FALSE,"Not significant",TRUE,TRUE
"Npas2",0.14332882325147245,0.8223122965996632,FALSE,"Not significant",0.6975325876751144,0.4148309721571176,FALSE,"Not significant",TRUE,TRUE
"Nr3c2",-0.45745202820923203,0.13633724902987499,FALSE,"Not significant",1.6409153594051737,0.0012428766700592507,TRUE,"Increased",TRUE,TRUE
"Nr4a2",0.5073101691920039,0.22077673993821345,FALSE,"Not significant",1.3632181739119877,0.06790584596193995,FALSE,"Not significant",TRUE,TRUE
"Nsmf",NA,NA,FALSE,"Not detected",NA,NA,FALSE,"Not detected",FALSE,FALSE
"Ntng2",NA,NA,FALSE,"Not detected",NA,NA,FALSE,"Not detected",FALSE,FALSE
"Ntrk3",0.20757678219032472,0.730286752304568,FALSE,"Not significant",-0.2330112293729184,0.7878173910167537,FALSE,"Not significant",TRUE,TRUE
"Olfm1",-0.39137059788410866,0.084782405966215,FALSE,"Not significant",1.4162012440984197,0.039542061571796586,TRUE,"Increased",TRUE,TRUE
"Palm",-0.8962637696817528,0.12495764969630996,FALSE,"Not significant",-1.0904991031526605,0.5195758934494303,FALSE,"Not significant",TRUE,TRUE
"Panx2",-0.7079609677798429,0.07678998372328673,FALSE,"Not significant",1.0683320684588757,0.05661688167943698,FALSE,"Not significant",TRUE,TRUE
"Pclo",-0.2547987780810379,0.35350378070019334,FALSE,"Not significant",0.6410066909197267,0.15659555841671238,FALSE,"Not significant",TRUE,TRUE
"Pcnx",-0.23459524449435865,0.14911139884656754,FALSE,"Not significant",0.6589647666150595,0.013790763767173772,TRUE,"Increased",TRUE,TRUE
"Pde2a",-0.1698852544213345,0.5973880914247555,FALSE,"Not significant",1.204204665663883,0.029052511595109562,TRUE,"Increased",TRUE,TRUE
"Pds5a",0.5851039686828123,0.27394392196437384,FALSE,"Not significant",-0.9536887674068404,0.16224603697034143,FALSE,"Not significant",TRUE,TRUE
"Pds5b",0.01594873203075675,0.952810936010619,FALSE,"Not significant",0.38816435095123847,0.3740214134600379,FALSE,"Not significant",TRUE,TRUE
"Phlpp1",0.39512843609467607,0.12819226966499134,FALSE,"Not significant",0.09559418727176672,0.8283344893149215,FALSE,"Not significant",TRUE,TRUE
"Pi4ka",0.016366031190661268,0.9315407832527394,FALSE,"Not significant",0.13964692980261795,0.7381124554425544,FALSE,"Not significant",TRUE,TRUE
"Pik3r2",-0.7958549115342497,0.14976506574495105,FALSE,"Not significant",1.6266402857896747,0.5404767743021558,FALSE,"Not significant",TRUE,TRUE
"Pip5k1c",-0.3157589641497953,0.3913307610878372,FALSE,"Not significant",1.3875500779660461,0.025844678106563608,TRUE,"Increased",TRUE,TRUE
"Pitpnm1",0.007050293543731101,0.9869967885162471,FALSE,"Not significant",1.6906413004702152,0.0420978110228984,TRUE,"Increased",TRUE,TRUE
"Pitpnm2",-0.5907703565362517,0.14306823606056168,FALSE,"Not significant",1.160506604009798,0.0267135004503684,TRUE,"Increased",TRUE,TRUE
"Pkp4",-0.6691262488999369,0.1734573569611245,FALSE,"Not significant",1.1313679217036148,0.4693951009149139,FALSE,"Not significant",TRUE,TRUE
"Pld3",-0.7219043724509642,0.04335146414732881,TRUE,"Decreased",2.9079279971910017,0.1433816908033988,FALSE,"Not significant",TRUE,TRUE
"Plxna1",-0.2919098521778931,0.19440987019582903,FALSE,"Not significant",0.952696189076403,0.08560472607977583,FALSE,"Not significant",TRUE,TRUE
"Pou3f3",0.03166996565658664,0.8035141331491649,FALSE,"Not significant",0.4855545434874404,0.23623284408146533,FALSE,"Not significant",TRUE,TRUE
"Ppp1r37",0.08134046832141983,0.6962225869484757,FALSE,"Not significant",-0.9599904724567981,0.6181128106108175,FALSE,"Not significant",TRUE,TRUE
"Ppp1r9b",-0.48966529545342574,0.10238590215549032,FALSE,"Not significant",1.4213959543875037,0.012445574401725482,TRUE,"Increased",TRUE,TRUE
"Ppp2r2c",-0.19753732492060827,0.440788247539584,FALSE,"Not significant",1.0347696125722896,0.02147757619330812,TRUE,"Increased",TRUE,TRUE
"Ppp3ca",-0.14245263984563006,0.6732994236268204,FALSE,"Not significant",1.567348039910576,0.015510728540268949,TRUE,"Increased",TRUE,TRUE
"Ppp4r4",0.4497558690608452,0.166657745134466,FALSE,"Not significant",0.054280505319303174,0.9371536977874175,FALSE,"Not significant",TRUE,TRUE
"Prdm11",1.0532936806402664,0.2998740163726687,FALSE,"Not significant",-1.5799017379275053,0.26931304646537046,FALSE,"Not significant",TRUE,TRUE
"Prickle2",0.025061712780990675,0.9335161847395987,FALSE,"Not significant",0.5551213163212605,0.3197232238068523,FALSE,"Not significant",TRUE,TRUE
"Prkcb",-0.12048623431122252,0.7617483226962667,FALSE,"Not significant",1.2820223257486236,0.019204380571061212,TRUE,"Increased",TRUE,TRUE
"Prkce",-0.13456775701091628,0.6022545760869416,FALSE,"Not significant",0.9342846979919432,0.04651343643168703,TRUE,"Increased",TRUE,TRUE
"Prkcz",0.014513624598536445,0.9587611645204651,FALSE,"Not significant",0.49171876929903924,0.15114598636827714,FALSE,"Not significant",TRUE,TRUE
"Prpf8",-0.0895319205644931,0.6445790405305034,FALSE,"Not significant",0.6058894820359306,0.054564590155542395,FALSE,"Not significant",TRUE,TRUE
"Prr12",-0.5366544722296753,0.23517127723896644,FALSE,"Not significant",0.9630469696617752,0.6820250568755666,FALSE,"Not significant",TRUE,TRUE
"Prr14l",-0.0607485133999921,0.7247716109064938,FALSE,"Not significant",1.2643517372721877,0.02352242830895671,TRUE,"Increased",TRUE,TRUE
"Prrc2a",-0.06835802895360832,0.6955012066120907,FALSE,"Not significant",0.7575357455290819,0.08442492290825214,FALSE,"Not significant",TRUE,TRUE
"Prrc2b",-0.12060744919178568,0.45646021279542837,FALSE,"Not significant",0.9108802254364736,0.005994820847242294,TRUE,"Increased",TRUE,TRUE
"Psd",-0.2515258526218993,0.5223581265270678,FALSE,"Not significant",-1.1432569274020152,0.6005073431434755,FALSE,"Not significant",TRUE,TRUE
"Ptk2b",-0.719628379507897,0.07855440043584214,FALSE,"Not significant",1.2238640565144852,0.03199212054693864,TRUE,"Increased",TRUE,TRUE
"Ptprn",-0.40167498333357443,0.103423179365446,FALSE,"Not significant",0.8367275446767914,0.17909159270098748,FALSE,"Not significant",TRUE,TRUE
"Ptprs",-0.47686417113314583,0.1198890517396491,FALSE,"Not significant",1.1492077284459477,0.036410446091069325,TRUE,"Increased",TRUE,TRUE
"Pum2",-0.40916419183245045,0.24822818392584955,FALSE,"Not significant",-0.7917775462892611,0.6695181726278671,FALSE,"Not significant",TRUE,TRUE
"Rab11fip3",-0.445648819252074,0.27984845506536743,FALSE,"Not significant",1.1013582262810169,0.06027674892533774,FALSE,"Not significant",TRUE,TRUE
"Ralgapa1",-0.195478063691648,0.4681757328037601,FALSE,"Not significant",0.5821490082620162,0.1476870320648079,FALSE,"Not significant",TRUE,TRUE
"Ralgds",0.059408806404301906,0.8564551974083703,FALSE,"Not significant",-0.5468250103344525,0.31680149618198905,FALSE,"Not significant",TRUE,TRUE
"Rapgef1",-0.618121892335092,0.13692053958589323,FALSE,"Not significant",0.8214314050742497,0.29528570584819736,FALSE,"Not significant",TRUE,TRUE
"Rapgef2",-0.3629333867691775,0.09468319809154009,FALSE,"Not significant",0.7080771158993215,0.07474887306614804,FALSE,"Not significant",TRUE,TRUE
"Rapgef4",-0.13454463527459204,0.6381674180659189,FALSE,"Not significant",0.7521881661323153,0.12388086135493481,FALSE,"Not significant",TRUE,TRUE
"Rapgefl1",-0.5226351237031377,0.19045311789447741,FALSE,"Not significant",-0.8439516271270038,0.67859651647409,FALSE,"Not significant",TRUE,TRUE
"Rasgef1a",-0.4684135141525956,0.24192012323446047,FALSE,"Not significant",1.0627303952255018,0.025693208095563583,TRUE,"Increased",TRUE,TRUE
"Rasgrf1",-0.18278486441412367,0.4359802461278489,FALSE,"Not significant",1.2043127706683436,0.01704999697252052,TRUE,"Increased",TRUE,TRUE
"Rasgrp1",0.00614537367915613,0.9818229213932962,FALSE,"Not significant",1.0143775018445664,0.02786871390480134,TRUE,"Increased",TRUE,TRUE
"Rasl10b",-0.44161789780080873,0.14110511791201955,FALSE,"Not significant",1.3620243360890392,0.021946301580780373,TRUE,"Increased",TRUE,TRUE
"Raver2",-0.28022162584131305,0.5248134282045287,FALSE,"Not significant",0.9745620218828002,0.333393580112046,FALSE,"Not significant",TRUE,TRUE
"Rnf10",-0.39721902953146726,0.3071233914564697,FALSE,"Not significant",-0.1904844328766946,0.9241119727778153,FALSE,"Not significant",TRUE,TRUE
"Rnf157",-0.4008242520691736,0.35919487606870865,FALSE,"Not significant",1.3903698940517675,0.011854085488818077,TRUE,"Increased",TRUE,TRUE
"Rpl18a",NA,NA,FALSE,"Not detected",NA,NA,FALSE,"Not detected",FALSE,FALSE
"Rpl4",-0.4868131965190923,0.20436739225719752,FALSE,"Not significant",1.5267195603838521,0.038696026053856504,TRUE,"Increased",TRUE,TRUE
"Rpl9",NA,NA,FALSE,"Not detected",NA,NA,FALSE,"Not detected",FALSE,FALSE
"Rps15",2.399989403972484,0.31994834888960616,FALSE,"Not significant",-1.4231533898623565,0.7299292388721506,FALSE,"Not significant",TRUE,TRUE
"Rundc3a",-2.3678158173726316,0.23338885386793704,FALSE,"Not significant",1.5711516925057876,0.636520984559668,FALSE,"Not significant",TRUE,TRUE
"Ryr2",-0.19399301365350752,0.3557436870621179,FALSE,"Not significant",0.4130675793748182,0.34347519114827585,FALSE,"Not significant",TRUE,TRUE
"Sacs",-0.36341700735503046,0.21392697194814625,FALSE,"Not significant",0.6774802746696267,0.08431342284580041,FALSE,"Not significant",TRUE,TRUE
"Sbf1",-0.10082741438983778,0.4838274773754181,FALSE,"Not significant",0.7739452967008127,0.028861654545810016,TRUE,"Increased",TRUE,TRUE
"Scaf1",-0.040558011507187075,0.7193142027809285,FALSE,"Not significant",0.6226421970179263,0.24645746851099723,FALSE,"Not significant",TRUE,TRUE
"Scn8a",-0.34518961240202106,0.059248557663548085,FALSE,"Not significant",1.1442932658002372,0.002264567490516362,TRUE,"Increased",TRUE,TRUE
"Scrt1",0.0920999062623995,0.8302490016599791,FALSE,"Not significant",-1.8991300030734184,0.58217163222589,FALSE,"Not significant",TRUE,TRUE
"Sec14l1",-0.0902801489233358,0.7565043431690315,FALSE,"Not significant",1.0149023689595147,0.014311122148610205,TRUE,"Increased",TRUE,TRUE
"Sgsm2",-0.21101213773499516,0.5884746268768848,FALSE,"Not significant",1.2616369328287194,0.1276559124146668,FALSE,"Not significant",TRUE,TRUE
"Shank1",-0.3433844099827166,0.45809648924516055,FALSE,"Not significant",1.6252620149206027,0.030192959875414038,TRUE,"Increased",TRUE,TRUE
"Shank2",-0.21664108096669255,0.40537392772499503,FALSE,"Not significant",1.3810767159737116,0.0024042089242476217,TRUE,"Increased",TRUE,TRUE
"Shank3",-0.07692294168191527,0.7929597176537913,FALSE,"Not significant",1.0225590560578324,0.022285003876101085,TRUE,"Increased",TRUE,TRUE
"Shc3",-0.72605454202425,0.03323223246655388,TRUE,"Decreased",0.3236515639293994,0.6735159176880223,FALSE,"Not significant",TRUE,TRUE
"Sipa1l1",-0.2791141683775411,0.4331316075167825,FALSE,"Not significant",1.0794361160258887,0.028176189119936107,TRUE,"Increased",TRUE,TRUE
"Sipa1l3",0.02596229140483075,0.9027104303760112,FALSE,"Not significant",0.48767559471713184,0.25752391875923963,FALSE,"Not significant",TRUE,TRUE
"Ski",-0.11361415577839917,0.6071772938608648,FALSE,"Not significant",0.9276058144064807,0.009257732882708666,TRUE,"Increased",TRUE,TRUE
"Slc17a7",-0.5242211305871125,0.1577362311491193,FALSE,"Not significant",1.1428199651179725,0.07909375727574033,FALSE,"Not significant",TRUE,TRUE
"Slc22a17",-0.715931969218186,0.0312785290982607,TRUE,"Decreased",-0.10345813632804646,0.9510882327687673,FALSE,"Not significant",TRUE,TRUE
"Slc25a23",-0.38888657222039047,0.213185412678702,FALSE,"Not significant",1.218456475330492,0.024501904726915522,TRUE,"Increased",TRUE,TRUE
"Slc30a9",0.5664790033291558,0.036272735825308704,TRUE,"Increased",-0.7525435971293213,0.2770968589604998,FALSE,"Not significant",TRUE,TRUE
"Smarcc2",0.01014212370066847,0.9649726533577201,FALSE,"Not significant",0.5683743627771145,0.3062824919067639,FALSE,"Not significant",TRUE,TRUE
"Snap91",0.13747948767130547,0.3278680859940471,FALSE,"Not significant",0.16645888035114753,0.6805849821110674,FALSE,"Not significant",TRUE,TRUE
"Snph",-0.29488880576190013,0.3394909448554171,FALSE,"Not significant",0.9614722432580605,0.07281774073016145,FALSE,"Not significant",TRUE,TRUE
"Sowaha",-0.07603260337346196,0.8363607687651873,FALSE,"Not significant",1.1916379443633112,0.026478969049152718,TRUE,"Increased",TRUE,TRUE
"Sp3",-0.16170976417596883,0.5722385948118158,FALSE,"Not significant",-0.14164805336918107,0.8268225629203594,FALSE,"Not significant",TRUE,TRUE
"Sptan1",-0.28871338041357253,0.6513869227737799,FALSE,"Not significant",0.4166276377053596,0.7576199362715172,FALSE,"Not significant",TRUE,TRUE
"Sptbn1",-0.045733131457049936,0.7174934905514682,FALSE,"Not significant",0.27906011764013616,0.32481463845357816,FALSE,"Not significant",TRUE,TRUE
"Sptbn2",-0.27666446128047717,0.32776939545982375,FALSE,"Not significant",1.4254797071872058,0.0061891565397389535,TRUE,"Increased",TRUE,TRUE
"Srgap3",-0.07487111394613422,0.6769203352753759,FALSE,"Not significant",0.8935002245350812,0.022644570816524722,TRUE,"Increased",TRUE,TRUE
"Srrm2",-0.01979183045589128,0.9153771832534381,FALSE,"Not significant",0.3933090276545732,0.3990368003699266,FALSE,"Not significant",TRUE,TRUE
"Ssbp4",NA,NA,FALSE,"Not detected",NA,NA,FALSE,"Not detected",FALSE,FALSE
"Stox2",0.24654869876956287,0.3356000586283341,FALSE,"Not significant",0.46354850215759047,0.3113174521803142,FALSE,"Not significant",TRUE,TRUE
"Strn4",-0.14876580371107995,0.7353098744701053,FALSE,"Not significant",1.3894903890897625,0.034822773606971745,TRUE,"Increased",TRUE,TRUE
"Syngap1",-0.40407373752798925,0.2865702898107049,FALSE,"Not significant",1.1546011887695622,0.08163136526211118,FALSE,"Not significant",TRUE,TRUE
"Synpo",-0.7021650677359879,0.17337920763753367,FALSE,"Not significant",2.0609181384046975,0.005036693938554839,TRUE,"Increased",TRUE,TRUE
"Tanc2",-0.1992831868896614,0.25988406497168753,FALSE,"Not significant",0.4399330803668575,0.294026416708675,FALSE,"Not significant",TRUE,TRUE
"Tbc1d9b",-0.3136545324231035,0.29787050463885856,FALSE,"Not significant",0.8920184457390823,0.08914498945499541,FALSE,"Not significant",TRUE,TRUE
"Tbl1x",0.569326304114844,0.5193522166722345,FALSE,"Not significant",-0.8572066617010159,0.5160960539395236,FALSE,"Not significant",TRUE,TRUE
"Tcf20",-0.06450196088760496,0.648949558468203,FALSE,"Not significant",0.6957493917049513,0.011519117140963575,TRUE,"Increased",TRUE,TRUE
"Tcf25",0.06434277820884748,0.737566415272443,FALSE,"Not significant",0.6864092047764156,0.2123661235867445,FALSE,"Not significant",TRUE,TRUE
"Tesk1",-0.9667075619503249,0.023547461307329588,TRUE,"Decreased",2.7478303589447366,0.2431420740641561,FALSE,"Not significant",TRUE,TRUE
"Thra",0.15646041675360145,0.5795944866255819,FALSE,"Not significant",0.3224555588686604,0.5628042372996266,FALSE,"Not significant",TRUE,TRUE
"Timm17b",NA,NA,FALSE,"Not detected",NA,NA,FALSE,"Not detected",FALSE,FALSE
"Tmcc2",0.5215594304096607,0.08151186887925976,FALSE,"Not significant",-1.2698906609235046,0.5175864373996865,FALSE,"Not significant",TRUE,TRUE
"Tmem150b",NA,NA,FALSE,"Not detected",NA,NA,FALSE,"Not detected",FALSE,FALSE
"Tmem184c",0.19255051414930957,0.32852048557350266,FALSE,"Not significant",0.5439907165581266,0.3802645105216391,FALSE,"Not significant",TRUE,TRUE
"Tnk2",0.870128868679011,0.5722847203251384,FALSE,"Not significant",-1.3304951536815024,0.5840244081963523,FALSE,"Not significant",TRUE,TRUE
"Tnpo2",-0.44647405200682844,0.10117500102573715,FALSE,"Not significant",-1.1295466583147968,0.5807799990694487,FALSE,"Not significant",TRUE,TRUE
"Trak1",-0.1372030311618908,0.5812381005775957,FALSE,"Not significant",0.8130511406478695,0.0697697405966881,FALSE,"Not significant",TRUE,TRUE
"Trappc8",-0.1584102793868487,0.5570134253934975,FALSE,"Not significant",0.9565684488703394,0.0442287819722547,TRUE,"Increased",TRUE,TRUE
"Trim37",0.10957642862963946,0.7856012750727909,FALSE,"Not significant",0.9862750049229203,0.09897437256750358,FALSE,"Not significant",TRUE,TRUE
"Trio",0.012102253941554952,0.9250761887358276,FALSE,"Not significant",0.6262846562851192,0.11724605072545499,FALSE,"Not significant",TRUE,TRUE
"Tsc2",-0.05276893110868475,0.8141211550374912,FALSE,"Not significant",-1.4654334808650464,0.38208443393483393,FALSE,"Not significant",TRUE,TRUE
"Ttbk1",-0.0964899530957748,0.8208040883529542,FALSE,"Not significant",0.8531779808655902,0.11866370225843878,FALSE,"Not significant",TRUE,TRUE
"Ttc3",-0.4183206146006633,0.16763996204029444,FALSE,"Not significant",1.268483253834555,0.02481979589119226,TRUE,"Increased",TRUE,TRUE
"Tuba1a",-0.18346757084072873,0.6539529731729203,FALSE,"Not significant",2.587512599039762,0.2546818220361984,FALSE,"Not significant",TRUE,TRUE
"U2af1",NA,NA,FALSE,"Not detected",NA,NA,FALSE,"Not detected",FALSE,FALSE
"Uba52",NA,NA,FALSE,"Not detected",NA,NA,FALSE,"Not detected",FALSE,FALSE
"Ube3b",-0.027003928722346693,0.8724258131802181,FALSE,"Not significant",0.4384242342780702,0.48453038090351963,FALSE,"Not significant",TRUE,TRUE
"Ubr4",-0.051247984649290146,0.7650389719871009,FALSE,"Not significant",0.3208010385907789,0.5276857864736486,FALSE,"Not significant",TRUE,TRUE
"Uhrf1bp1l",NA,NA,FALSE,"Not detected",NA,NA,FALSE,"Not detected",FALSE,FALSE
"Ulk2",-0.31358868037493526,0.3257845375584162,FALSE,"Not significant",0.16891019390446527,0.7533016207439438,FALSE,"Not significant",TRUE,TRUE
"Unc79",-0.12721014036540357,0.7346662068202118,FALSE,"Not significant",0.6099033482502678,0.27953844227945895,FALSE,"Not significant",TRUE,TRUE
"Unc80",-0.27650378672256526,0.32195660313118324,FALSE,"Not significant",0.8638346220438793,0.09576100294753694,FALSE,"Not significant",TRUE,TRUE
"Usf3",-0.195030453907985,0.3785338396761479,FALSE,"Not significant",0.1870784553725633,0.6097804814229917,FALSE,"Not significant",TRUE,TRUE
"Usp32",0.0068895951880740824,0.9794893563771193,FALSE,"Not significant",0.5705524919153921,0.26197857430437915,FALSE,"Not significant",TRUE,TRUE
"Usp34",0.08061292581006896,0.5629519762586894,FALSE,"Not significant",-0.05717701290107424,0.8449942004995756,FALSE,"Not significant",TRUE,TRUE
"Vps13c",-0.2689441338474903,0.0866819113465056,FALSE,"Not significant",0.43281620168749013,0.2387471481708546,FALSE,"Not significant",TRUE,TRUE
"Wdfy3",0.10339291376668669,0.25749903361329085,FALSE,"Not significant",0.2847216594854709,0.4061804462394133,FALSE,"Not significant",TRUE,TRUE
"Wdr13",0.23917151639236778,0.40228974315607224,FALSE,"Not significant",-1.591495206041043,0.49944061926330907,FALSE,"Not significant",TRUE,TRUE
"Wdr20",NA,NA,FALSE,"Not detected",NA,NA,FALSE,"Not detected",FALSE,FALSE
"Wdr7",-0.4710146739731267,0.09133154747781251,FALSE,"Not significant",0.6266356503752069,0.21899693137996504,FALSE,"Not significant",TRUE,TRUE
"Wdtc1",-0.7051455234425905,0.13089808607649006,FALSE,"Not significant",1.615314354028106,0.0053712743819545996,TRUE,"Increased",TRUE,TRUE
"Wsb2",-0.08570792885292278,0.7705948401515826,FALSE,"Not significant",-1.2544891923078216,0.4440182574526065,FALSE,"Not significant",TRUE,TRUE
"Xrcc2",NA,NA,FALSE,"Not detected",NA,NA,FALSE,"Not detected",FALSE,FALSE
"Zbtb18",-0.32526690487345267,0.3243998209842833,FALSE,"Not significant",1.3929489974957248,0.01196699442529626,TRUE,"Increased",TRUE,TRUE
"Zc3h7b",0.3690331956609576,0.5201351850748261,FALSE,"Not significant",0.12532017871294432,0.8406827240520897,FALSE,"Not significant",TRUE,TRUE
"Zcchc14",-0.38551425287617835,0.14424235094757276,FALSE,"Not significant",1.271934450338887,0.006684128258430608,TRUE,"Increased",TRUE,TRUE
"Zer1",-0.06947005974085929,0.7055880344945726,FALSE,"Not significant",-0.9164419511424122,0.5854001966860545,FALSE,"Not significant",TRUE,TRUE
"Zfhx2",-0.2868497785332078,0.36217037944533,FALSE,"Not significant",0.5704296858495503,0.30365175388936255,FALSE,"Not significant",TRUE,TRUE
"Zfp106",-0.021866681148869027,0.9231561657516492,FALSE,"Not significant",-0.0665655710856905,0.8594522739276189,FALSE,"Not significant",TRUE,TRUE
"Zfp365",-0.05805238070753482,0.8195782351400254,FALSE,"Not significant",0.784403620456068,0.06367127531130878,FALSE,"Not significant",TRUE,TRUE
"Zfp804a",0.053640499777142914,0.7145725144883146,FALSE,"Not significant",0.1657601265042219,0.8969745137323564,FALSE,"Not significant",TRUE,TRUE
"Zfpm1",-0.01271805949663829,0.9805182156584745,FALSE,"Not significant",1.071843515022172,0.1855735191424378,FALSE,"Not significant",TRUE,TRUE
"Zfr",-0.09370028991104906,0.6574616107643613,FALSE,"Not significant",0.7467706281343416,0.1821299862586968,FALSE,"Not significant",TRUE,TRUE
"Zmiz2",1.330540856270869,0.4563837950399865,FALSE,"Not significant",-4.076932722212138,0.18235901157256185,FALSE,"Not significant",TRUE,TRUE
