"Comparison","gene_name","CLIP_log2FC","CLIP_p_value","RiboTag_log2FC","RiboTag_p_value","CLIP_RT_quadrant","Labeled","Label_category"
"5v0","Aplp1",-0.6630298291857413,0.02060689900098034,0.17603295492397608,3.035324869901159e-4,"CLIP_Down_RT_Up",TRUE,"synaptic_CLIP_Down_RT_Up"
"5v0","Atp2b3",-0.932619956366298,0.00510221912399715,0.17947765420490627,2.5281970947213484e-4,"CLIP_Down_RT_Up",TRUE,"synaptic_CLIP_Down_RT_Up"
"5v0","Cacna1e",-0.3853177814735993,0.04264900753281407,0.1706613060285216,5.575634903610639e-4,"CLIP_Down_RT_Up",TRUE,"synaptic_CLIP_Down_RT_Up"
"5v0","Cdk5r1",-0.48600724426306297,0.04623157182773915,0.10626102264439805,0.029686465391444188,"CLIP_Down_RT_Up",TRUE,"synaptic_CLIP_Down_RT_Up"
"5v0","Clstn1",-0.6381259990391321,0.04751673068780962,0.19948971615839606,3.8294632840188197e-4,"CLIP_Down_RT_Up",TRUE,"synaptic_CLIP_Down_RT_Up"
"5v0","Clstn2",-1.140078970815735,0.033544263311398634,0.36238632706802243,3.215273804904838e-15,"CLIP_Down_RT_Up",TRUE,"synaptic_CLIP_Down_RT_Up"
"5v0","Dcc",-0.8899064088817012,0.003900629174705509,0.3152846135862781,1.6416972429042658e-7,"CLIP_Down_RT_Up",TRUE,"synaptic_CLIP_Down_RT_Up"
"5v0","Gabrb2",-0.8572525946868361,0.01888420747872921,0.14394074719961875,0.006215409223169591,"CLIP_Down_RT_Up",TRUE,"synaptic_CLIP_Down_RT_Up"
"5v0","Grik3",-1.6059752354579233,0.020158746061153233,0.3245534222375506,2.6900878319027744e-4,"CLIP_Down_RT_Up",TRUE,"synaptic_CLIP_Down_RT_Up"
"5v0","Grm7",-0.9091512121557948,0.0012418161043820622,0.18817327131231296,0.012910213754154215,"CLIP_Down_RT_Up",TRUE,"synaptic_CLIP_Down_RT_Up"
"5v0","Il16",-1.5267131882673532,0.04170973083391998,0.28614978628236776,6.839145818691727e-6,"CLIP_Down_RT_Up",TRUE,"synaptic_CLIP_Down_RT_Up"
"5v0","Insyn1",-0.8135229171772043,0.015391466778348292,0.20023542205008957,0.010663165246603441,"CLIP_Down_RT_Up",TRUE,"synaptic_CLIP_Down_RT_Up"
"5v0","Kcnc2",-1.784759413539462,0.010054481333714107,0.1385831217564467,0.01745085056817604,"CLIP_Down_RT_Up",TRUE,"synaptic_CLIP_Down_RT_Up"
"5v0","Kcnj4",-0.6511439534287591,0.04201151775261498,0.25777565851472195,0.0011091319220137429,"CLIP_Down_RT_Up",TRUE,"synaptic_CLIP_Down_RT_Up"
"5v0","Lgi1",-0.7127158669441309,0.03169561050008365,0.24932998989964492,2.2258208185213143e-7,"CLIP_Down_RT_Up",TRUE,"synaptic_CLIP_Down_RT_Up"
"5v0","Pcdh1",-0.39279987044569786,0.041975746079413526,0.27173849008022477,1.4295123518180595e-10,"CLIP_Down_RT_Up",TRUE,"synaptic_CLIP_Down_RT_Up"
"5v0","Ppm1l",-0.5264924400704302,0.04275231279563295,0.2262410366491818,5.487015840732453e-6,"CLIP_Down_RT_Up",TRUE,"synaptic_CLIP_Down_RT_Up"
"5v0","Sema5a",-0.7567542041156897,0.0287442152490265,0.3004122524162004,1.348629999738984e-6,"CLIP_Down_RT_Up",TRUE,"synaptic_CLIP_Down_RT_Up"
"5v0","Sema6b",-1.1445232434716712,0.04914738943067488,0.2476687849929486,6.160885751869795e-4,"CLIP_Down_RT_Up",TRUE,"synaptic_CLIP_Down_RT_Up"
"5v0","Sema7a",-0.32174244759388504,0.012676118224629237,0.27603382577885005,5.014716823911329e-5,"CLIP_Down_RT_Up",TRUE,"synaptic_CLIP_Down_RT_Up"
"5v0","Slc22a17",-0.715931969218186,0.0312785290982607,0.26549814686825446,4.286719084293544e-5,"CLIP_Down_RT_Up",TRUE,"synaptic_CLIP_Down_RT_Up"
"5v0","Slc45a1",-4.119803879145847,0.013537422361968414,0.19561774575036905,0.01924124569669179,"CLIP_Down_RT_Up",TRUE,"synaptic_CLIP_Down_RT_Up"
"5v0","Spock1",-1.355004028990515,0.03854901349340525,0.6050451757527984,7.509950308431853e-10,"CLIP_Down_RT_Up",TRUE,"synaptic_CLIP_Down_RT_Up"
"5v0","Syngr1",-0.8210513253838871,0.0020631133266921387,0.2922039636118057,1.725751043761022e-5,"CLIP_Down_RT_Up",TRUE,"synaptic_CLIP_Down_RT_Up"
"5v0","Syt1",-0.43377309542725606,0.03686050542922669,0.16379139406362514,3.170863564287092e-5,"CLIP_Down_RT_Up",TRUE,"synaptic_CLIP_Down_RT_Up"
"5v0","Tnfrsf21",-0.965530028401838,9.696045460163654e-4,0.19223422729177012,1.5574085534502312e-5,"CLIP_Down_RT_Up",TRUE,"synaptic_CLIP_Down_RT_Up"
"5v0","Cdk17",1.016578645143946,0.047370493877261353,-0.1865561986355614,5.731464589916939e-4,"CLIP_Up_RT_Down",TRUE,"nuclear_CLIP_Up_RT_Down"
"5v0","Far2",1.7091256430335888,0.028944592842806587,-0.4582789527424668,0.0012397707386810034,"CLIP_Up_RT_Down",TRUE,"nuclear_CLIP_Up_RT_Down"
"5v0","Jmjd1c",0.5928356258221976,0.030273052899478743,-0.25662550797255645,0.006410593711629911,"CLIP_Up_RT_Down",TRUE,"nuclear_CLIP_Up_RT_Down"
"5v0","Nedd9",1.7447266704350897,0.04996431825745089,-0.6727042950810178,1.896937899042833e-8,"CLIP_Up_RT_Down",TRUE,"nuclear_CLIP_Up_RT_Down"
"5v0","Nemf",0.8386318396666201,0.011891366127970157,-0.35046410557814744,0.0027549103703908883,"CLIP_Up_RT_Down",TRUE,"nuclear_CLIP_Up_RT_Down"
"5v0","Qki",0.5942344433189097,0.024496585332230394,-0.14449648084021674,0.035816499297431,"CLIP_Up_RT_Down",TRUE,"nuclear_CLIP_Up_RT_Down"
"5v0","Setbp1",0.6633582462622754,0.005332403971199639,-0.30016447498409776,6.449830464104866e-6,"CLIP_Up_RT_Down",TRUE,"nuclear_CLIP_Up_RT_Down"
"5v0","Sos1",0.75664460358625,0.029693708967882357,-0.18342275365381702,4.224151365715996e-4,"CLIP_Up_RT_Down",TRUE,"nuclear_CLIP_Up_RT_Down"
"5v0","Taf2",0.7875305897170217,0.03652372938206201,-0.19741729668609462,0.030609121308588942,"CLIP_Up_RT_Down",TRUE,"nuclear_CLIP_Up_RT_Down"
"5v0","Zswim8",0.8148969765086598,0.04913729821090624,-0.19406292521324292,7.85994247874717e-4,"CLIP_Up_RT_Down",TRUE,"nuclear_CLIP_Up_RT_Down"
"5v0","Ahcyl2",-0.644525630381332,0.03279571183053099,0.17380305456428385,2.227026980282802e-5,"CLIP_Down_RT_Up",FALSE,"Not_labeled"
"5v0","Cds2",-0.4562438991962843,0.04918690867869782,0.22051635422993335,1.1845056737482868e-5,"CLIP_Down_RT_Up",FALSE,"Not_labeled"
"5v0","Chst15",-0.9055462561586025,4.349879284303395e-4,0.21307385361670308,0.0034678104165900138,"CLIP_Down_RT_Up",FALSE,"Not_labeled"
"5v0","Cxxc5",-1.6785891125726173,0.02194418420528398,0.20996710129812535,0.0017744189097651866,"CLIP_Down_RT_Up",FALSE,"Not_labeled"
"5v0","Disp2",-0.45076126792433824,0.019106235355761256,0.1380060982204222,5.727513263430864e-4,"CLIP_Down_RT_Up",FALSE,"Not_labeled"
"5v0","Dpy19l4",-1.427653658368314,0.024518256359254694,0.19857645341116986,0.025806342085181747,"CLIP_Down_RT_Up",FALSE,"Not_labeled"
"5v0","Fam131b",-0.7591207161322648,0.04572774606607771,0.1314777103020773,0.028520712743623913,"CLIP_Down_RT_Up",FALSE,"Not_labeled"
"5v0","Galnt16",-1.046176366594649,0.008294219495685708,0.1624464703876879,7.806017531427498e-4,"CLIP_Down_RT_Up",FALSE,"Not_labeled"
"5v0","Itfg1",-0.8622852885434671,0.04319693945156858,0.17864214060787248,3.165576701245026e-4,"CLIP_Down_RT_Up",FALSE,"Not_labeled"
"5v0","Lmtk3",-1.192567409910899,0.0014455464871549804,0.12352330270261608,0.0214032153185543,"CLIP_Down_RT_Up",FALSE,"Not_labeled"
"5v0","Lrrn2",-0.6326293045124582,0.012153445825676895,0.2571033804621209,3.9650892609407525e-7,"CLIP_Down_RT_Up",FALSE,"Not_labeled"
"5v0","Maneal",-1.2963380635512767,2.2875681823488533e-4,0.16433252710220259,0.004657333155028892,"CLIP_Down_RT_Up",FALSE,"Not_labeled"
"5v0","Mboat2",-0.7561058277217556,0.03736812600483256,0.20976931140630597,0.014968996889166785,"CLIP_Down_RT_Up",FALSE,"Not_labeled"
"5v0","Opcml",-0.39721183260950577,0.04242099614259828,0.18955218055923792,1.9380717022745058e-6,"CLIP_Down_RT_Up",FALSE,"Not_labeled"
"5v0","Pld3",-0.7219043724509642,0.04335146414732881,0.16336405387064165,0.0018514880010909375,"CLIP_Down_RT_Up",FALSE,"Not_labeled"
"5v0","Slc7a14",-1.005357027657759,0.02719310594062298,0.20979621111585622,8.386768867934e-6,"CLIP_Down_RT_Up",FALSE,"Not_labeled"
"5v0","Spock3",-2.359050303624982,0.02443954175750231,0.23403338192811635,0.002256030949487167,"CLIP_Down_RT_Up",FALSE,"Not_labeled"
"5v0","Trhde",-1.8481398058062017,0.00593853988164674,0.36545781644238384,0.0012614500493773537,"CLIP_Down_RT_Up",FALSE,"Not_labeled"
"5v0","Depdc5",-2.215622225668254,0.021054549243722635,-0.2902896222181233,6.863686549415119e-4,"CLIP_Down_RT_Down",FALSE,"Not_labeled"
"5v0","Hspa12a",-0.5277045519471666,0.045731223025974675,-0.15307600526828335,0.004328148120090192,"CLIP_Down_RT_Down",FALSE,"Not_labeled"
"5v0","Inpp5b",-1.1429087929848087,0.036569671258488166,-0.27945774702110526,0.02619942071260735,"CLIP_Down_RT_Down",FALSE,"Not_labeled"
"5v0","Ints1",-1.4819604052419488,0.03753309070468414,-0.16285822019554494,0.020270785565824415,"CLIP_Down_RT_Down",FALSE,"Not_labeled"
"5v0","Mast3",-0.5804332971411688,0.02520824463829343,-0.1142761482951138,0.018342770495650782,"CLIP_Down_RT_Down",FALSE,"Not_labeled"
"5v0","Mink1",-1.3536854573154078,0.008785843511041223,-0.1315747067031253,0.009225927302038252,"CLIP_Down_RT_Down",FALSE,"Not_labeled"
"5v0","Pfkm",-1.032822873643664,0.026100360404943877,-0.12867497337594602,0.03000958489384096,"CLIP_Down_RT_Down",FALSE,"Not_labeled"
"5v0","Rgs14",-3.1274230584416243,0.023428512858279123,-0.1106670796821341,0.02159983801554729,"CLIP_Down_RT_Down",FALSE,"Not_labeled"
"5v0","Ripor1",-0.9638831595005022,0.037955528879283044,-0.11448380621329882,0.04070053039775557,"CLIP_Down_RT_Down",FALSE,"Not_labeled"
"5v0","Sec31a",-0.8325298931351863,0.004156000882727494,-0.23781675827188567,0.007937676570507406,"CLIP_Down_RT_Down",FALSE,"Not_labeled"
"5v0","Smg7",-0.727071339273134,0.023046236933441367,-0.1742903327140212,0.004055049559921834,"CLIP_Down_RT_Down",FALSE,"Not_labeled"
"5v0","Stk40",-1.3235862383195145,0.021242499264359338,-0.35108692526961327,7.299285980929428e-4,"CLIP_Down_RT_Down",FALSE,"Not_labeled"
"5v0","Strip2",-1.0377919812287852,0.0458100126425885,-0.28100080043970993,0.0019450439332937548,"CLIP_Down_RT_Down",FALSE,"Not_labeled"
"5v0","Tecpr1",-1.4911290189581554,0.011825168232911595,-0.1882928137487144,0.018738400542523435,"CLIP_Down_RT_Down",FALSE,"Not_labeled"
"5v0","Tecpr2",-0.5100957806180406,0.03478329102416143,-0.18230129902795808,0.005793741555529781,"CLIP_Down_RT_Down",FALSE,"Not_labeled"
"5v0","Virma",-0.6176801939929781,0.04938609820856985,-0.19474409005532725,0.010703048716692148,"CLIP_Down_RT_Down",FALSE,"Not_labeled"
"5v0","Arl6ip1",0.775727997705578,0.04828097365620452,0.1741927431850902,0.004248896560825583,"CLIP_Up_RT_Up",FALSE,"Not_labeled"
"5v0","Glce",2.2739738542721915,0.029942563593312217,0.20357120164326278,0.002779814730718941,"CLIP_Up_RT_Up",FALSE,"Not_labeled"
"5v0","Gm12258",3.8381279793449483,0.004029857900749077,0.24764094871455486,0.013696972296283924,"CLIP_Up_RT_Up",FALSE,"Not_labeled"
"5v0","Grik2",1.0084007877598204,0.003068948890890217,0.15392777389908902,0.005941451776892599,"CLIP_Up_RT_Up",FALSE,"Not_labeled"
"5v0","Lpl",3.307864840240266,0.019266764873664154,0.3163528602380118,2.088932676933908e-6,"CLIP_Up_RT_Up",FALSE,"Not_labeled"
"5v0","Scamp3",7.222725505108254,4.1978317411535515e-6,0.22744926193552106,0.003959476973241907,"CLIP_Up_RT_Up",FALSE,"Not_labeled"
"5v0","Slc3a2",4.033674621962723,0.017782496508796493,0.307955455285875,1.0676913064858773e-6,"CLIP_Up_RT_Up",FALSE,"Not_labeled"
"5v0","Thsd4",1.3090568392246786,0.015812943023308528,0.15303760771292835,0.015320238884575697,"CLIP_Up_RT_Up",FALSE,"Not_labeled"
"5v0","Tlk2",2.914825872297283,0.004633607066514287,0.18549505898394936,0.003972182294646632,"CLIP_Up_RT_Up",FALSE,"Not_labeled"
"5v0","Cdc37l1",2.318650783447236,0.04659361457135203,-0.18795245331079405,0.02457304344895248,"CLIP_Up_RT_Down",FALSE,"Not_labeled"
"5v0","Csrnp1",1.1417408785293999,0.0330269356335061,-0.49049984734447694,9.45345210360052e-10,"CLIP_Up_RT_Down",FALSE,"Not_labeled"
"5v0","Kifap3",0.5125593804032338,0.006877217425102152,-0.1481450273682561,0.03891042961642643,"CLIP_Up_RT_Down",FALSE,"Not_labeled"
"5v0","Lztfl1",3.526112309680291,0.04185983995443678,-0.25013321671715993,0.0025841603549871324,"CLIP_Up_RT_Down",FALSE,"Not_labeled"
"5v0","Mkln1",0.8735642424338543,0.008685702973759254,-0.2008525606377127,0.001654949047908419,"CLIP_Up_RT_Down",FALSE,"Not_labeled"
"5v0","Mt1",5.231259546455527,0.03259278416979059,-0.4132617670624304,0.04441414928610768,"CLIP_Up_RT_Down",FALSE,"Not_labeled"
"5v0","Necab1",1.7966813864440152,0.027651863221551,-0.5097980842929521,5.109450645693239e-4,"CLIP_Up_RT_Down",FALSE,"Not_labeled"
"5v0","Npr3",1.645902720285028,0.04324565697901679,-0.4533161269266564,3.8284109530070914e-4,"CLIP_Up_RT_Down",FALSE,"Not_labeled"
"5v0","Pde4b",0.7665118383768934,0.03381839346956365,-0.24139934291210538,9.978628016854189e-5,"CLIP_Up_RT_Down",FALSE,"Not_labeled"
"5v0","Pik3r3",1.8586640758755464,0.04502834589325718,-0.1651527868592918,0.029967925622170547,"CLIP_Up_RT_Down",FALSE,"Not_labeled"
"5v0","Pou3f1",1.0670552587496571,0.0344795205562015,-0.14851321142818394,0.018612295794271407,"CLIP_Up_RT_Down",FALSE,"Not_labeled"
"5v0","Rap1b",3.1367209972364236,0.02411102882920529,-0.2061798130299666,0.0058019949661232695,"CLIP_Up_RT_Down",FALSE,"Not_labeled"
"5v0","Sbk1",0.6894096058502139,0.015240917813262936,-0.30802821214380544,6.56626944420598e-5,"CLIP_Up_RT_Down",FALSE,"Not_labeled"
"5v0","Srgap2",2.1765276140339487,0.047324842199644244,-0.1787000530727434,0.01656587394028905,"CLIP_Up_RT_Down",FALSE,"Not_labeled"
"5v0","Synpo2",2.136875348439192,0.04337583031642586,-0.5463413081206646,0.04523358623413428,"CLIP_Up_RT_Down",FALSE,"Not_labeled"
"5v0","Usp25",0.5661392237342193,0.046972847489076174,-0.14659039864947337,0.0298057594431805,"CLIP_Up_RT_Down",FALSE,"Not_labeled"
"5v0","Zranb1",1.5222280782144626,0.002863456813865172,-0.12688186664506532,0.034049965095767784,"CLIP_Up_RT_Down",FALSE,"Not_labeled"
"30v5","Atf4",-6.475352784134736,0.029439218382837105,0.31110834048325225,0.006638484499008438,"CLIP_Down_RT_Up",TRUE,"nuclear_CLIP_Down_RT_Up"
"30v5","Chd1",-3.9233535317398025,0.003925199218960924,0.3120357050949731,0.0024857399826708785,"CLIP_Down_RT_Up",TRUE,"nuclear_CLIP_Down_RT_Up"
"30v5","Cnot6l",-3.079926864236534,0.049693960926649766,0.4103898793044498,3.4914161649455584e-4,"CLIP_Down_RT_Up",TRUE,"nuclear_CLIP_Down_RT_Up"
"30v5","Cstf2t",-5.009421408345613,0.027591015247529216,0.14712044058071033,0.01176120785379824,"CLIP_Down_RT_Up",TRUE,"nuclear_CLIP_Down_RT_Up"
"30v5","Dyrk2",-5.542572530049332,0.01768278919981123,0.3584793684147971,8.654150093170085e-11,"CLIP_Down_RT_Up",TRUE,"nuclear_CLIP_Down_RT_Up"
"30v5","Dyrk3",-6.66930369715554,0.008312256328327395,0.3372478760791927,0.024439462575784658,"CLIP_Down_RT_Up",TRUE,"nuclear_CLIP_Down_RT_Up"
"30v5","Ino80e",-7.227313576174019,3.2131092236539646e-4,0.13450926795910517,0.03612318370812115,"CLIP_Down_RT_Up",TRUE,"nuclear_CLIP_Down_RT_Up"
"30v5","Ints13",-4.944208670981466,0.009489716380441875,0.5569700372378398,6.766631951859615e-4,"CLIP_Down_RT_Up",TRUE,"nuclear_CLIP_Down_RT_Up"
"30v5","Jak2",-1.765968084967401,0.013144516209043836,0.36357443610505513,7.165576175678543e-5,"CLIP_Down_RT_Up",TRUE,"nuclear_CLIP_Down_RT_Up"
"30v5","Kansl3",-4.829832468422621,0.0204002233469721,0.18361986605798106,0.023889928633084236,"CLIP_Down_RT_Up",TRUE,"nuclear_CLIP_Down_RT_Up"
"30v5","Kdm1b",-4.140113775342345,0.025492574539284642,0.3434967106805845,0.038151679577599906,"CLIP_Down_RT_Up",TRUE,"nuclear_CLIP_Down_RT_Up"
"30v5","Lpin1",-5.366872816218219,0.012159604634480426,0.21203173254029922,0.020587723991296453,"CLIP_Down_RT_Up",TRUE,"nuclear_CLIP_Down_RT_Up"
"30v5","Nfkbiz",-5.084707517225571,0.0019009139028959953,0.5064139846642937,7.603621009694278e-6,"CLIP_Down_RT_Up",TRUE,"nuclear_CLIP_Down_RT_Up"
"30v5","Ptgs2",-6.445392842006492,0.04406373547921884,0.25754074140027755,0.011548878190342095,"CLIP_Down_RT_Up",TRUE,"nuclear_CLIP_Down_RT_Up"
"30v5","Rora",-2.024305488801223,0.013874822309413714,0.5989547913509871,5.0131797694203286e-5,"CLIP_Down_RT_Up",TRUE,"nuclear_CLIP_Down_RT_Up"
"30v5","Rpl5",-6.730348043536888,5.714526847143148e-4,0.7900268149125352,0.03049605274280194,"CLIP_Down_RT_Up",TRUE,"nuclear_CLIP_Down_RT_Up"
"30v5","Smg8",-8.016318123602959,0.004470593702154819,0.2921034750057269,0.0025778738057023972,"CLIP_Down_RT_Up",TRUE,"nuclear_CLIP_Down_RT_Up"
"30v5","Spty2d1",-5.080789556180688,0.02128469979544825,0.5022687733121821,1.810444987782155e-5,"CLIP_Down_RT_Up",TRUE,"nuclear_CLIP_Down_RT_Up"
"30v5","Tasor2",-4.424633823675954,0.03394173218659561,0.12968997665827545,0.04232093876675023,"CLIP_Down_RT_Up",TRUE,"nuclear_CLIP_Down_RT_Up"
"30v5","Traf6",-4.7428998414793,0.011009516085341198,0.22395460525527575,0.010122714824590198,"CLIP_Down_RT_Up",TRUE,"nuclear_CLIP_Down_RT_Up"
"30v5","Yeats2",-3.2345295126232907,0.03227372674292499,0.28835324475622326,6.063867639633371e-4,"CLIP_Down_RT_Up",TRUE,"nuclear_CLIP_Down_RT_Up"
"30v5","Adam11",2.2661140448333033,0.030019151888012886,-0.33502783482408466,1.3716631298005873e-4,"CLIP_Up_RT_Down",TRUE,"synaptic_CLIP_Up_RT_Down"
"30v5","Adgrg1",5.377353708762467,5.678365196370918e-4,-0.22312952453055337,0.04137134473479699,"CLIP_Up_RT_Down",TRUE,"synaptic_CLIP_Up_RT_Down"
"30v5","Aplp1",1.9419207427374452,0.018735985851799114,-0.2786135217137435,8.913651480569916e-5,"CLIP_Up_RT_Down",TRUE,"synaptic_CLIP_Up_RT_Down"
"30v5","Atp2a2",0.966813504170057,0.01949030909817846,-0.2431783361282722,6.0994054456050955e-5,"CLIP_Up_RT_Down",TRUE,"synaptic_CLIP_Up_RT_Down"
"30v5","Atp2b2",1.1365721437429368,0.026159502673446106,-0.2647896126546397,1.4788330716929417e-4,"CLIP_Up_RT_Down",TRUE,"synaptic_CLIP_Up_RT_Down"
"30v5","Cacna1e",0.9832374615518811,0.007337505614631352,-0.20152804881559083,0.0023895432863455324,"CLIP_Up_RT_Down",TRUE,"synaptic_CLIP_Up_RT_Down"
"30v5","Clstn1",1.434470946657971,0.01850761905170828,-0.23528242115016454,0.0016242259123855798,"CLIP_Up_RT_Down",TRUE,"synaptic_CLIP_Up_RT_Down"
"30v5","Clstn2",2.3520200038513295,0.026545374657406116,-0.44666182764521256,3.381693012119964e-18,"CLIP_Up_RT_Down",TRUE,"synaptic_CLIP_Up_RT_Down"
"30v5","Cntnap1",1.2543036480341128,0.010359194145335662,-0.358525777475973,3.581139151218298e-6,"CLIP_Up_RT_Down",TRUE,"synaptic_CLIP_Up_RT_Down"
"30v5","Crim1",1.5601152329867944,0.01763885791390183,-0.2942006188613849,1.9431919309215683e-4,"CLIP_Up_RT_Down",TRUE,"synaptic_CLIP_Up_RT_Down"
"30v5","Dcc",1.586163889136302,8.34520135854773e-4,-0.30980453098327804,1.3397506291447447e-7,"CLIP_Up_RT_Down",TRUE,"synaptic_CLIP_Up_RT_Down"
"30v5","Faim2",3.6557364966674104,0.031294749564637556,-0.2205924165996691,1.8037538986591968e-5,"CLIP_Up_RT_Down",TRUE,"synaptic_CLIP_Up_RT_Down"
"30v5","Gabbr1",1.2708441546324956,0.0032203129640633443,-0.15808353832858435,0.0059963468233063455,"CLIP_Up_RT_Down",TRUE,"synaptic_CLIP_Up_RT_Down"
"30v5","Gabrb2",1.8695810017719656,3.8388512723220534e-4,-0.1938332405984593,0.02627315077013123,"CLIP_Up_RT_Down",TRUE,"synaptic_CLIP_Up_RT_Down"
"30v5","Gpm6a",1.1170975592870063,0.018386604356110108,-0.15855678755644287,0.0017210627574771186,"CLIP_Up_RT_Down",TRUE,"synaptic_CLIP_Up_RT_Down"
"30v5","Grina",2.194213752505622,0.009591806665505217,-0.29685527040007825,3.607437766905643e-6,"CLIP_Up_RT_Down",TRUE,"synaptic_CLIP_Up_RT_Down"
"30v5","Lingo1",1.830142421254179,0.010728691763850442,-0.2676038749961299,0.0015342022136101761,"CLIP_Up_RT_Down",TRUE,"synaptic_CLIP_Up_RT_Down"
"30v5","Nell2",1.2413621074322154,0.006825757981149267,-0.3310595705558736,8.049299049924269e-7,"CLIP_Up_RT_Down",TRUE,"synaptic_CLIP_Up_RT_Down"
"30v5","Nptn",2.063217074855358,0.011477123854964829,-0.2161796715493838,0.0013750101733848688,"CLIP_Up_RT_Down",TRUE,"synaptic_CLIP_Up_RT_Down"
"30v5","Nrg3",1.7041568024967602,0.004146087587681172,-0.1863156018314215,0.005788264264415731,"CLIP_Up_RT_Down",TRUE,"synaptic_CLIP_Up_RT_Down"
"30v5","Nrxn2",1.1775314272844177,0.03128036483311315,-0.3000844614989641,6.498583232780466e-5,"CLIP_Up_RT_Down",TRUE,"synaptic_CLIP_Up_RT_Down"
"30v5","Pcdh1",1.407882306270627,4.628733945140068e-4,-0.36264174205255884,3.739125796174526e-6,"CLIP_Up_RT_Down",TRUE,"synaptic_CLIP_Up_RT_Down"
"30v5","Prnp",1.866692679356507,0.0034546033098998134,-0.15554676714033333,0.008022491179778265,"CLIP_Up_RT_Down",TRUE,"synaptic_CLIP_Up_RT_Down"
"30v5","Ptprs",1.1492077284459477,0.036410446091069325,-0.3132714304070669,2.6171372405398522e-5,"CLIP_Up_RT_Down",TRUE,"synaptic_CLIP_Up_RT_Down"
"30v5","Rtn4rl1",1.6613408993370529,0.012881631038918349,-0.3253966747238899,4.138258408316428e-6,"CLIP_Up_RT_Down",TRUE,"synaptic_CLIP_Up_RT_Down"
"30v5","Scn8a",1.1442932658002372,0.002264567490516362,-0.24764823871772756,0.00995458560284162,"CLIP_Up_RT_Down",TRUE,"synaptic_CLIP_Up_RT_Down"
"30v5","Sema6b",2.2527090322176364,0.02441778469331374,-0.3230416826209835,5.003955627860625e-4,"CLIP_Up_RT_Down",TRUE,"synaptic_CLIP_Up_RT_Down"
"30v5","Sorl1",1.2591808618933285,0.0013566494913489823,-0.33740459465057576,1.6857829078914242e-4,"CLIP_Up_RT_Down",TRUE,"synaptic_CLIP_Up_RT_Down"
"30v5","Syt1",1.5338275380826718,0.003988955397096113,-0.19197936493421336,9.400204707760587e-4,"CLIP_Up_RT_Down",TRUE,"synaptic_CLIP_Up_RT_Down"
"30v5","Tnfrsf21",2.572291993648089,9.911359817963997e-5,-0.18456438686168755,0.002126800180772926,"CLIP_Up_RT_Down",TRUE,"synaptic_CLIP_Up_RT_Down"
"30v5","Aldoc",-8.72185049650128,0.009687246389104726,0.23896179278725738,0.010559128262319728,"CLIP_Down_RT_Up",FALSE,"Not_labeled"
"30v5","Bbs7",-4.339307194219823,0.04311309817372663,0.4232403734242062,0.01165780613730827,"CLIP_Down_RT_Up",FALSE,"Not_labeled"
"30v5","Bsdc1",-4.422327473241335,0.008417126204485459,0.1501310937969169,0.013932526676664064,"CLIP_Down_RT_Up",FALSE,"Not_labeled"
"30v5","Cep20",-7.542247419098906,1.7401316900696802e-4,0.20626644361992413,0.0015468814021376836,"CLIP_Down_RT_Up",FALSE,"Not_labeled"
"30v5","Cpne3",-3.193331446790258,0.0383377483852418,0.4687152756294133,0.002560608733760973,"CLIP_Down_RT_Up",FALSE,"Not_labeled"
"30v5","Csrnp1",-7.231791254913615,1.2915286218428547e-8,0.6618389482210572,3.465722080439982e-8,"CLIP_Down_RT_Up",FALSE,"Not_labeled"
"30v5","Cttnbp2nl",-4.32589684908799,3.561314401932039e-5,0.24103795105460016,0.006727339502926261,"CLIP_Down_RT_Up",FALSE,"Not_labeled"
"30v5","Dhx32",-4.188459482616607,0.02825428174354764,0.25808759481747556,0.01844470701713596,"CLIP_Down_RT_Up",FALSE,"Not_labeled"
"30v5","Efnb2",-2.1610644151479,0.04757738770089888,0.3416070614907857,0.012858026493658636,"CLIP_Down_RT_Up",FALSE,"Not_labeled"
"30v5","Elk4",-6.309206442612486,0.03240796398816393,0.19979514613264382,0.005409535166658775,"CLIP_Down_RT_Up",FALSE,"Not_labeled"
"30v5","Etv1",-3.5679763621527036,0.030958415329679134,0.352005118646813,0.03361640858822872,"CLIP_Down_RT_Up",FALSE,"Not_labeled"
"30v5","Exoc1",-4.9653595065392295,0.004342911742306125,0.23038468738287432,0.011061597817456716,"CLIP_Down_RT_Up",FALSE,"Not_labeled"
"30v5","Gabpa",-4.905128376196215,0.007491801640336784,0.2831700724593952,0.010147546405981422,"CLIP_Down_RT_Up",FALSE,"Not_labeled"
"30v5","Gcnt2",-3.0235447198812597,0.04376477504216939,0.30017469488929355,0.027367279389138993,"CLIP_Down_RT_Up",FALSE,"Not_labeled"
"30v5","Hectd2",-4.575189498806061,0.008154535282539318,0.2717775834702513,0.0036273773308709953,"CLIP_Down_RT_Up",FALSE,"Not_labeled"
"30v5","Iqgap1",-2.830467358981351,0.039317732607565936,0.46231682041049355,0.004300476969176384,"CLIP_Down_RT_Up",FALSE,"Not_labeled"
"30v5","Kcnj16",-5.607442672192738,0.011452795793459123,0.46913432447860903,0.021133096703001855,"CLIP_Down_RT_Up",FALSE,"Not_labeled"
"30v5","Lratd1",-6.861443938501446,0.026648925396804416,0.21491707142137714,4.4629466981499594e-5,"CLIP_Down_RT_Up",FALSE,"Not_labeled"
"30v5","Lrch2",-4.257003754068483,0.014129869276237045,0.1673146924485881,0.04018059141832547,"CLIP_Down_RT_Up",FALSE,"Not_labeled"
"30v5","Lztfl1",-6.498792919493752,0.015136180040582354,0.2001072881089566,0.022463892988281664,"CLIP_Down_RT_Up",FALSE,"Not_labeled"
"30v5","Odc1",-5.5913542186013805,0.01132954083459488,0.3323240243950722,7.647877693024771e-5,"CLIP_Down_RT_Up",FALSE,"Not_labeled"
"30v5","Osgin2",-6.1679095728637865,0.0012800609148059879,0.5635693955666419,4.3863140680975654e-4,"CLIP_Down_RT_Up",FALSE,"Not_labeled"
"30v5","Phf6",-2.929238177699326,0.030852544361061707,0.2691562667024359,0.0038775431211863307,"CLIP_Down_RT_Up",FALSE,"Not_labeled"
"30v5","Plcl1",-1.7251204852310758,0.03355288608384132,0.2583712325204753,0.015759539083065786,"CLIP_Down_RT_Up",FALSE,"Not_labeled"
"30v5","Psme3",-5.2017639531450595,0.040655760947488136,0.1762054567770547,0.0159859286311148,"CLIP_Down_RT_Up",FALSE,"Not_labeled"
"30v5","Rab5a",-3.7534697801365127,0.005884226094246282,0.16006761472177009,0.0037861432614435895,"CLIP_Down_RT_Up",FALSE,"Not_labeled"
"30v5","Rel",-4.449151937159594,0.01324223971509809,0.9199803818345615,7.863790558606452e-7,"CLIP_Down_RT_Up",FALSE,"Not_labeled"
"30v5","Scyl2",-3.4221319739061387,0.03302046746061741,0.30466094485466605,7.442498305680064e-5,"CLIP_Down_RT_Up",FALSE,"Not_labeled"
"30v5","Sec24a",-5.3268119299829975,0.0035096641502013115,0.40275273876597606,8.20417420379555e-9,"CLIP_Down_RT_Up",FALSE,"Not_labeled"
"30v5","Sesn1",-3.1828511151238588,0.032830883648879455,0.209680076862755,0.020237348296726368,"CLIP_Down_RT_Up",FALSE,"Not_labeled"
"30v5","Snx18",-4.621330217295147,0.021994623828353318,0.27896834458989095,0.0179507239653834,"CLIP_Down_RT_Up",FALSE,"Not_labeled"
"30v5","Srgap2",-4.711358698378234,6.549865468723702e-4,0.1646552723602476,0.0477431918812017,"CLIP_Down_RT_Up",FALSE,"Not_labeled"
"30v5","St8sia4",-2.8368376115654006,0.029132039240006787,0.21571355423423919,0.034938708714817926,"CLIP_Down_RT_Up",FALSE,"Not_labeled"
"30v5","Stmn4",-9.299858560703296,1.4637439559078466e-4,0.20992312810576289,0.03879590006708465,"CLIP_Down_RT_Up",FALSE,"Not_labeled"
"30v5","Stxbp3",-5.177655025074047,9.96702185172058e-4,0.35777073839533696,0.005508991015594337,"CLIP_Down_RT_Up",FALSE,"Not_labeled"
"30v5","Ubap1",-4.710638246248031,0.004552521070175132,0.19099424508105853,0.04797940914157826,"CLIP_Down_RT_Up",FALSE,"Not_labeled"
"30v5","Ube2w",-3.2510661418907882,0.013492973868386163,0.1666885095937327,0.017750662934247714,"CLIP_Down_RT_Up",FALSE,"Not_labeled"
"30v5","Vipas39",-6.253731891725505,0.008554080625667811,0.15753661480346337,0.011946447263399447,"CLIP_Down_RT_Up",FALSE,"Not_labeled"
"30v5","Zfp275",-3.7275727715804123,0.04422058513940546,0.5460785532030121,9.353488716885687e-5,"CLIP_Down_RT_Up",FALSE,"Not_labeled"
"30v5","Zfp397",-6.170224369740553,0.01064956236277195,0.304601764777897,0.0012226841036273126,"CLIP_Down_RT_Up",FALSE,"Not_labeled"
"30v5","Zfp667",-5.020059807693057,0.02888519536751577,0.2378686947136642,0.00899118401862537,"CLIP_Down_RT_Up",FALSE,"Not_labeled"
"30v5","Zfp68",-4.061982810288078,0.04777811194989884,0.23369832471576693,0.010059663439127937,"CLIP_Down_RT_Up",FALSE,"Not_labeled"
"30v5","Aars1",-4.074658172585858,0.04749252164715666,-0.22952197316106085,0.019013350370796402,"CLIP_Down_RT_Down",FALSE,"Not_labeled"
"30v5","Acsl6",-5.771809978598078,0.010862076373531275,-0.1354149108050355,0.020920957537113954,"CLIP_Down_RT_Down",FALSE,"Not_labeled"
"30v5","Atp6v0a1",-3.008130230182492,0.047664020489496625,-0.12645614872237418,0.030119356971243252,"CLIP_Down_RT_Down",FALSE,"Not_labeled"
"30v5","Bpnt2",-3.7458146016161127,0.02984924746191329,-0.13759414523600935,0.03122374736529991,"CLIP_Down_RT_Down",FALSE,"Not_labeled"
"30v5","Car10",-1.7702422870154604,0.009423928141738761,-0.26768018422959616,0.04697274543438718,"CLIP_Down_RT_Down",FALSE,"Not_labeled"
"30v5","Chpf",-5.253882073869151,0.04636008864417215,-0.20142462740488043,0.01263410903851528,"CLIP_Down_RT_Down",FALSE,"Not_labeled"
"30v5","Chrnb2",-5.8849804673918555,0.008764734628756134,-0.14671629064356384,0.01222807993360381,"CLIP_Down_RT_Down",FALSE,"Not_labeled"
"30v5","Ephx1",-4.899063941546473,0.0012876624083487493,-0.4166132853713904,7.999663672337651e-6,"CLIP_Down_RT_Down",FALSE,"Not_labeled"
"30v5","Evc2",-2.7959077219044755,0.025712037192261016,-0.20203525848248216,0.033727712699368854,"CLIP_Down_RT_Down",FALSE,"Not_labeled"
"30v5","Fads1",-6.320482139185585,0.006509501814140442,-0.10883669894525516,0.04508930036890312,"CLIP_Down_RT_Down",FALSE,"Not_labeled"
"30v5","Glce",-3.793068643297864,0.015790494150756573,-0.14240369855870888,0.032781991781987464,"CLIP_Down_RT_Down",FALSE,"Not_labeled"
"30v5","Gpat4",-3.6150304539126874,0.04465673242966231,-0.14147287648742687,0.007079577959716051,"CLIP_Down_RT_Down",FALSE,"Not_labeled"
"30v5","Ikzf4",-5.632196061214868,3.6755152208539803e-6,-0.32531951976553253,0.0466339777301138,"CLIP_Down_RT_Down",FALSE,"Not_labeled"
"30v5","Lgi2",-3.6139960318011908,0.008668417832949872,-0.5094975682361667,0.006511809532764958,"CLIP_Down_RT_Down",FALSE,"Not_labeled"
"30v5","Lhfpl2",-3.5243746030325687,0.013338441952620088,-0.44136782262278584,4.544109652199087e-7,"CLIP_Down_RT_Down",FALSE,"Not_labeled"
"30v5","Lpl",-6.702032203350462,1.9035066918243678e-4,-0.4893474954636337,1.1441748027605088e-9,"CLIP_Down_RT_Down",FALSE,"Not_labeled"
"30v5","Pnkd",-2.7944121423858337,0.049469916849500806,-0.20627819238431075,0.03646613152549607,"CLIP_Down_RT_Down",FALSE,"Not_labeled"
"30v5","Psat1",-4.906444536217857,0.025472949908955468,-0.19664756013249535,0.01603881003404878,"CLIP_Down_RT_Down",FALSE,"Not_labeled"
"30v5","Retreg2",-8.40906244165381,0.012835385029367135,-0.18562168263625653,0.007358495290185148,"CLIP_Down_RT_Down",FALSE,"Not_labeled"
"30v5","Tmbim6",-5.454459033086393,0.012294559302585016,-0.18915025768295743,0.0037019199963968337,"CLIP_Down_RT_Down",FALSE,"Not_labeled"
"30v5","Txndc16",-3.7332869834507414,0.011308301719486375,-0.1372788685274357,0.010335149998061807,"CLIP_Down_RT_Down",FALSE,"Not_labeled"
"30v5","Uggt1",-3.0385310867830677,0.029258845442650755,-0.3612416573156705,0.0023626611696700825,"CLIP_Down_RT_Down",FALSE,"Not_labeled"
"30v5","Zfp46",-3.693756786642104,0.045922905767914975,-0.21608482842063056,0.01268327714680422,"CLIP_Down_RT_Down",FALSE,"Not_labeled"
"30v5","Actr3",1.1615501646982425,0.020497927527917705,0.192740312554939,0.017995943149635762,"CLIP_Up_RT_Up",FALSE,"Not_labeled"
"30v5","Arid5b",1.8143933347181596,0.010591000182133362,0.5387834244607478,3.7942771919580316e-5,"CLIP_Up_RT_Up",FALSE,"Not_labeled"
"30v5","Arl15",2.7343121931755427,0.023824441943856207,0.18745733832742079,1.6444860214962338e-4,"CLIP_Up_RT_Up",FALSE,"Not_labeled"
"30v5","Castor2",2.119081573858925,0.039556449114746435,0.2565137132905068,2.724368519734809e-4,"CLIP_Up_RT_Up",FALSE,"Not_labeled"
"30v5","Dennd5b",1.1105895446618037,0.0013500437036450576,0.21105193400947117,0.029699099307374934,"CLIP_Up_RT_Up",FALSE,"Not_labeled"
"30v5","Dusp8",1.4696444602522583,0.002689130369712604,0.16201830307735873,0.020571854321380964,"CLIP_Up_RT_Up",FALSE,"Not_labeled"
"30v5","Emsy",1.6383833188499775,0.014432303512701649,0.17286888262302896,0.022593042195085487,"CLIP_Up_RT_Up",FALSE,"Not_labeled"
"30v5","Hspa5",1.8633824230168834,0.02681152086982592,0.23277963739646396,0.008205068685998065,"CLIP_Up_RT_Up",FALSE,"Not_labeled"
"30v5","Nr4a1",0.9678108627437889,0.04063001081160895,0.7639312905211891,3.729954292651678e-10,"CLIP_Up_RT_Up",FALSE,"Not_labeled"
"30v5","Ppp3r1",1.8996743919486212,0.0024740267933356973,0.08601192658511043,0.04866676401498779,"CLIP_Up_RT_Up",FALSE,"Not_labeled"
"30v5","Prkacb",1.4460871749162356,0.009368065034382336,0.2845151044522144,0.00776950298392568,"CLIP_Up_RT_Up",FALSE,"Not_labeled"
"30v5","Rasal2",0.9839770098297009,0.043093414934105394,0.24189903092191614,0.010550544101351613,"CLIP_Up_RT_Up",FALSE,"Not_labeled"
"30v5","Rsbn1",1.9380874709912561,0.001825434748137368,0.2832574153573528,0.0030297656191213495,"CLIP_Up_RT_Up",FALSE,"Not_labeled"
"30v5","Smg7",2.2269767383706767,3.243969142561129e-4,0.15904801351266282,0.02025174995679724,"CLIP_Up_RT_Up",FALSE,"Not_labeled"
"30v5","Sowaha",1.1916379443633112,0.026478969049152718,0.09226740521499666,0.04661973146542714,"CLIP_Up_RT_Up",FALSE,"Not_labeled"
"30v5","Tmcc1",1.7076402514207039,0.04671274206391695,0.12428599371839306,0.010444809680763101,"CLIP_Up_RT_Up",FALSE,"Not_labeled"
"30v5","Trappc8",0.9565684488703394,0.0442287819722547,0.21900027389890087,0.006824147055155779,"CLIP_Up_RT_Up",FALSE,"Not_labeled"
"30v5","Tsc22d1",1.135280202514029,3.967248163129484e-4,0.09278743595940274,0.007942001326865268,"CLIP_Up_RT_Up",FALSE,"Not_labeled"
"30v5","Ube2h",2.1893830263294074,0.001864355159440482,0.17038053133033196,5.126256067210733e-4,"CLIP_Up_RT_Up",FALSE,"Not_labeled"
"30v5","Zfp281",1.705791308439756,0.021376763587295674,0.2679092545441664,0.002147751991001763,"CLIP_Up_RT_Up",FALSE,"Not_labeled"
"30v5","Actn4",2.438560409127258,0.044598231507671976,-0.13582647497404213,0.016533290013564936,"CLIP_Up_RT_Down",FALSE,"Not_labeled"
"30v5","Agpat3",1.78066118514376,0.021283901096101034,-0.1635171992091256,0.005597359334336314,"CLIP_Up_RT_Down",FALSE,"Not_labeled"
"30v5","App",1.4549776000896308,0.02878609907742279,-0.29564998154761496,0.0013744224882527411,"CLIP_Up_RT_Down",FALSE,"Not_labeled"
"30v5","Cacna2d3",0.9556796013736333,0.0390194437247853,-0.22735274011436685,0.0027993656953551257,"CLIP_Up_RT_Down",FALSE,"Not_labeled"
"30v5","Cdh8",2.3174288572196664,0.0475753415944006,-0.1580187970256067,0.012219039324347427,"CLIP_Up_RT_Down",FALSE,"Not_labeled"
"30v5","Chst15",1.7830560487368485,4.432635668251823e-5,-0.3336339294423697,0.00537408239912931,"CLIP_Up_RT_Down",FALSE,"Not_labeled"
"30v5","Creg2",1.6491390048109127,0.027849297897509537,-0.14931528767014765,0.012150034386349236,"CLIP_Up_RT_Down",FALSE,"Not_labeled"
"30v5","Dnajb14",1.1199982758820561,0.022912101761454372,-0.21188503451184573,8.473291011749782e-5,"CLIP_Up_RT_Down",FALSE,"Not_labeled"
"30v5","Fzd3",1.8780960564786464,0.03663340524055108,-0.15261273173622913,0.023555776815795848,"CLIP_Up_RT_Down",FALSE,"Not_labeled"
"30v5","Gabbr2",1.0748672261530317,0.01735458181168761,-0.174587435030125,0.012244853100769915,"CLIP_Up_RT_Down",FALSE,"Not_labeled"
"30v5","Galnt16",2.11569357089091,0.002276464937843023,-0.20682123350742118,0.0015983232294875939,"CLIP_Up_RT_Down",FALSE,"Not_labeled"
"30v5","Gria1",0.9167376045483326,0.02043732081587512,-0.16714695108738353,0.006404636165880318,"CLIP_Up_RT_Down",FALSE,"Not_labeled"
"30v5","Grin2a",1.200895167532075,0.03322494065341422,-0.21648686026246317,0.0038251934098547887,"CLIP_Up_RT_Down",FALSE,"Not_labeled"
"30v5","Grm5",1.149424033780433,0.018636579866223496,-0.19311190483891502,0.012173451079598585,"CLIP_Up_RT_Down",FALSE,"Not_labeled"
"30v5","Itm2c",1.7251314860417093,0.003658099165755701,-0.1497721083783349,0.03540390286634144,"CLIP_Up_RT_Down",FALSE,"Not_labeled"
"30v5","Lrrn2",1.1950703614433817,0.032239025289819534,-0.2872471765816787,2.9785247144599556e-4,"CLIP_Up_RT_Down",FALSE,"Not_labeled"
"30v5","Map1a",0.8775119658739463,0.042837703233135016,-0.1792041491585574,0.008982229459864858,"CLIP_Up_RT_Down",FALSE,"Not_labeled"
"30v5","Nomo1",1.3331029513481423,0.013063856684813704,-0.3166470062734624,0.0010450740414926101,"CLIP_Up_RT_Down",FALSE,"Not_labeled"
"30v5","Olfm1",1.4162012440984197,0.039542061571796586,-0.1907862049761812,0.0010501044015505108,"CLIP_Up_RT_Down",FALSE,"Not_labeled"
"30v5","Pip5k1c",1.3875500779660461,0.025844678106563608,-0.12455338044791468,0.03129717261230431,"CLIP_Up_RT_Down",FALSE,"Not_labeled"
"30v5","Plxna4",1.0407327168416523,0.03696535443109942,-0.18567001924811533,0.04485074847775006,"CLIP_Up_RT_Down",FALSE,"Not_labeled"
"30v5","Rtn1",1.5357460187668845,0.020975839295789216,-0.20597288529898966,0.0013545263242457368,"CLIP_Up_RT_Down",FALSE,"Not_labeled"
"30v5","Rtn3",1.6149707864760736,0.00307494641041695,-0.1373981061757074,0.004575976909504132,"CLIP_Up_RT_Down",FALSE,"Not_labeled"
"30v5","Serinc3",1.8083007274626115,0.005185380330140548,-0.18976462747053677,0.001953461528457191,"CLIP_Up_RT_Down",FALSE,"Not_labeled"
"30v5","Slc7a14",2.121463595044038,0.0037896521210361704,-0.2334536433066192,2.150592612900608e-5,"CLIP_Up_RT_Down",FALSE,"Not_labeled"
"30v5","Spock1",1.6645008977556874,0.04287875491838741,-0.6536590927678614,0.0032526723858555427,"CLIP_Up_RT_Down",FALSE,"Not_labeled"
"30v5","St3gal2",1.927091789836676,0.012794038021142326,-0.196851358078704,0.012131940837420486,"CLIP_Up_RT_Down",FALSE,"Not_labeled"
"30v5","St6gal2",1.997322141414367,0.009644140321226262,-0.3866682628136539,3.978207284893634e-6,"CLIP_Up_RT_Down",FALSE,"Not_labeled"
"30v5","Sv2b",1.5477747430661033,0.021502085399824022,-0.23171833814669246,0.00993865129088291,"CLIP_Up_RT_Down",FALSE,"Not_labeled"
"30v5","Thy1",2.1831885975553598,0.005840845470511501,-0.1774878990510332,0.010720645298605485,"CLIP_Up_RT_Down",FALSE,"Not_labeled"
"30v5","Tln2",0.834734489311102,0.004537784958127668,-0.13268424683845806,0.03857518158773682,"CLIP_Up_RT_Down",FALSE,"Not_labeled"
"30v5","Tmem106b",1.6065784386190063,0.03197300038487206,-0.18039685271994368,0.03403089987828958,"CLIP_Up_RT_Down",FALSE,"Not_labeled"
"30v5","Zbtb18",1.3929489974957248,0.01196699442529626,-0.14622382584395743,0.03212859423276406,"CLIP_Up_RT_Down",FALSE,"Not_labeled"
