"Overlap","gene_name","Nuclear_GO_membership","Synaptic_GO_membership","Final_category"
"30v5_Down","Aars1",TRUE,TRUE,"nuclear_terms"
"30v5_Down","Acsl6",TRUE,TRUE,"nuclear_terms"
"30v5_Down","Ahnak",TRUE,TRUE,"nuclear_terms"
"30v5_Down","Anapc4",TRUE,FALSE,"nuclear_terms"
"30v5_Down","Apoe",TRUE,TRUE,"nuclear_terms"
"30v5_Down","Atf4",TRUE,TRUE,"nuclear_terms"
"30v5_Down","Ccnt1",TRUE,FALSE,"nuclear_terms"
"30v5_Down","Ccsap",TRUE,FALSE,"nuclear_terms"
"30v5_Down","Cep97",TRUE,FALSE,"nuclear_terms"
"30v5_Down","Chd1",TRUE,FALSE,"nuclear_terms"
"30v5_Down","Chrnb2",TRUE,TRUE,"nuclear_terms"
"30v5_Down","Clpx",TRUE,FALSE,"nuclear_terms"
"30v5_Down","Clu",TRUE,TRUE,"nuclear_terms"
"30v5_Down","Cnot6l",TRUE,FALSE,"nuclear_terms"
"30v5_Down","Cnp",TRUE,TRUE,"nuclear_terms"
"30v5_Down","Crebzf",TRUE,FALSE,"nuclear_terms"
"30v5_Down","Cstf2t",TRUE,FALSE,"nuclear_terms"
"30v5_Down","Ctnna1",TRUE,FALSE,"nuclear_terms"
"30v5_Down","Dctn2",TRUE,FALSE,"nuclear_terms"
"30v5_Down","Dhx29",TRUE,FALSE,"nuclear_terms"
"30v5_Down","Dlg1",TRUE,TRUE,"nuclear_terms"
"30v5_Down","Dot1l",TRUE,TRUE,"nuclear_terms"
"30v5_Down","Dyrk2",TRUE,TRUE,"nuclear_terms"
"30v5_Down","Dyrk3",TRUE,FALSE,"nuclear_terms"
"30v5_Down","Eloa",TRUE,FALSE,"nuclear_terms"
"30v5_Down","Flcn",TRUE,TRUE,"nuclear_terms"
"30v5_Down","Foxo4",TRUE,TRUE,"nuclear_terms"
"30v5_Down","Gpam",TRUE,FALSE,"nuclear_terms"
"30v5_Down","Gpat4",TRUE,FALSE,"nuclear_terms"
"30v5_Down","Grsf1",TRUE,FALSE,"nuclear_terms"
"30v5_Down","Gspt1",TRUE,FALSE,"nuclear_terms"
"30v5_Down","Hecw2",TRUE,TRUE,"nuclear_terms"
"30v5_Down","Hnrnpk",TRUE,TRUE,"nuclear_terms"
"30v5_Down","Il1a",TRUE,FALSE,"nuclear_terms"
"30v5_Down","Ints13",TRUE,FALSE,"nuclear_terms"
"30v5_Down","Jak2",TRUE,TRUE,"nuclear_terms"
"30v5_Down","Kansl3",TRUE,FALSE,"nuclear_terms"
"30v5_Down","Kars1",TRUE,FALSE,"nuclear_terms"
"30v5_Down","Kat2b",TRUE,TRUE,"nuclear_terms"
"30v5_Down","Kdm1b",TRUE,FALSE,"nuclear_terms"
"30v5_Down","Lpin1",TRUE,TRUE,"nuclear_terms"
"30v5_Down","Lrp8",TRUE,TRUE,"nuclear_terms"
"30v5_Down","Lsm14a",TRUE,TRUE,"nuclear_terms"
"30v5_Down","Map9",TRUE,FALSE,"nuclear_terms"
"30v5_Down","Me1",TRUE,FALSE,"nuclear_terms"
"30v5_Down","Mfap1a",TRUE,FALSE,"nuclear_terms"
"30v5_Down","Mfsd14a",TRUE,FALSE,"nuclear_terms"
"30v5_Down","Msh3",TRUE,TRUE,"nuclear_terms"
"30v5_Down","Msh6",TRUE,TRUE,"nuclear_terms"
"30v5_Down","Mturn",TRUE,FALSE,"nuclear_terms"
"30v5_Down","Ndufv2",TRUE,FALSE,"nuclear_terms"
"30v5_Down","Nfkbia",TRUE,TRUE,"nuclear_terms"
"30v5_Down","Nfkbiz",TRUE,TRUE,"nuclear_terms"
"30v5_Down","Niban2",TRUE,FALSE,"nuclear_terms"
"30v5_Down","Nlrp3",TRUE,TRUE,"nuclear_terms"
"30v5_Down","Notch1",TRUE,TRUE,"nuclear_terms"
"30v5_Down","Pank3",TRUE,FALSE,"nuclear_terms"
"30v5_Down","Pdgfra",TRUE,TRUE,"nuclear_terms"
"30v5_Down","Pfas",TRUE,FALSE,"nuclear_terms"
"30v5_Down","Pla2g7",TRUE,FALSE,"nuclear_terms"
"30v5_Down","Prpf4b",TRUE,FALSE,"nuclear_terms"
"30v5_Down","Psme4",TRUE,FALSE,"nuclear_terms"
"30v5_Down","Ptgs2",TRUE,TRUE,"nuclear_terms"
"30v5_Down","Rad23a",TRUE,FALSE,"nuclear_terms"
"30v5_Down","Rangap1",TRUE,FALSE,"nuclear_terms"
"30v5_Down","Rbck1",TRUE,TRUE,"nuclear_terms"
"30v5_Down","Rnf2",TRUE,FALSE,"nuclear_terms"
"30v5_Down","Rnf34",TRUE,TRUE,"nuclear_terms"
"30v5_Down","Rora",TRUE,TRUE,"nuclear_terms"
"30v5_Down","Rpl5",TRUE,TRUE,"nuclear_terms"
"30v5_Down","Rtraf",TRUE,FALSE,"nuclear_terms"
"30v5_Down","Scrib",TRUE,TRUE,"nuclear_terms"
"30v5_Down","Sf1",TRUE,FALSE,"nuclear_terms"
"30v5_Down","Sidt2",TRUE,FALSE,"nuclear_terms"
"30v5_Down","Slc25a16",TRUE,TRUE,"nuclear_terms"
"30v5_Down","Slx4",TRUE,FALSE,"nuclear_terms"
"30v5_Down","Smc4",TRUE,FALSE,"nuclear_terms"
"30v5_Down","Smg8",TRUE,FALSE,"nuclear_terms"
"30v5_Down","Sox4",TRUE,TRUE,"nuclear_terms"
"30v5_Down","Spty2d1",TRUE,FALSE,"nuclear_terms"
"30v5_Down","Srebf1",TRUE,TRUE,"nuclear_terms"
"30v5_Down","Ssb",TRUE,FALSE,"nuclear_terms"
"30v5_Down","Stag2",TRUE,FALSE,"nuclear_terms"
"30v5_Down","Stat1",TRUE,TRUE,"nuclear_terms"
"30v5_Down","Tasor2",TRUE,FALSE,"nuclear_terms"
"30v5_Down","Tcp1",TRUE,TRUE,"nuclear_terms"
"30v5_Down","Tdrd7",TRUE,FALSE,"nuclear_terms"
"30v5_Down","Tead1",TRUE,FALSE,"nuclear_terms"
"30v5_Down","Tgs1",TRUE,FALSE,"nuclear_terms"
"30v5_Down","Tlr3",TRUE,TRUE,"nuclear_terms"
"30v5_Down","Tmbim6",TRUE,TRUE,"nuclear_terms"
"30v5_Down","Traf6",TRUE,TRUE,"nuclear_terms"
"30v5_Down","Txnl4a",TRUE,FALSE,"nuclear_terms"
"30v5_Down","Vegfa",TRUE,TRUE,"nuclear_terms"
"30v5_Down","Wrnip1",TRUE,FALSE,"nuclear_terms"
"30v5_Down","Yeats2",TRUE,FALSE,"nuclear_terms"
"30v5_Down","Zbtb1",TRUE,TRUE,"nuclear_terms"
"30v5_Down","Zc3hav1",TRUE,TRUE,"nuclear_terms"
"30v5_Down","Zfp36",TRUE,FALSE,"nuclear_terms"
"30v5_Down","Zfp36l1",TRUE,FALSE,"nuclear_terms"
"30v5_Down","Zrsr2",TRUE,FALSE,"nuclear_terms"
"30v5_Down","Adamts4",FALSE,FALSE,"other"
"30v5_Down","Afg3l1",FALSE,FALSE,"other"
"30v5_Down","Aldoc",FALSE,FALSE,"other"
"30v5_Down","Amz1",FALSE,FALSE,"other"
"30v5_Down","Ank1",FALSE,FALSE,"other"
"30v5_Down","Arap2",FALSE,FALSE,"other"
"30v5_Down","Arhgap29",FALSE,FALSE,"other"
"30v5_Down","Baz2b",FALSE,FALSE,"other"
"30v5_Down","Bnip3l",FALSE,FALSE,"other"
"30v5_Down","Bpnt2",FALSE,FALSE,"other"
"30v5_Down","Brap",FALSE,FALSE,"other"
"30v5_Down","Bsdc1",FALSE,FALSE,"other"
"30v5_Down","Cab39l",FALSE,FALSE,"other"
"30v5_Down","Car10",FALSE,FALSE,"other"
"30v5_Down","Ccdc141",FALSE,FALSE,"other"
"30v5_Down","Ccdc50",FALSE,FALSE,"other"
"30v5_Down","Ccng2",FALSE,FALSE,"other"
"30v5_Down","Cd164",FALSE,FALSE,"other"
"30v5_Down","Cep20",FALSE,FALSE,"other"
"30v5_Down","Cep350",FALSE,FALSE,"other"
"30v5_Down","Chpf",FALSE,FALSE,"other"
"30v5_Down","Chsy1",FALSE,FALSE,"other"
"30v5_Down","Cnih4",FALSE,FALSE,"other"
"30v5_Down","Cox7c",FALSE,FALSE,"other"
"30v5_Down","Cramp1",FALSE,FALSE,"other"
"30v5_Down","Ddx42",FALSE,FALSE,"other"
"30v5_Down","Ddx50",FALSE,FALSE,"other"
"30v5_Down","Dhx32",FALSE,FALSE,"other"
"30v5_Down","Edrf1",FALSE,FALSE,"other"
"30v5_Down","Elk4",FALSE,FALSE,"other"
"30v5_Down","Ephx1",FALSE,FALSE,"other"
"30v5_Down","Erp44",FALSE,FALSE,"other"
"30v5_Down","Ewsr1",FALSE,FALSE,"other"
"30v5_Down","Exoc1",FALSE,FALSE,"other"
"30v5_Down","Fads1",FALSE,FALSE,"other"
"30v5_Down","Fam76a",FALSE,FALSE,"other"
"30v5_Down","Fbxo10",FALSE,FALSE,"other"
"30v5_Down","Fbxo30",FALSE,FALSE,"other"
"30v5_Down","Fgd6",FALSE,FALSE,"other"
"30v5_Down","Fgfr1op2",FALSE,FALSE,"other"
"30v5_Down","Gab2",FALSE,FALSE,"other"
"30v5_Down","Gabpa",FALSE,FALSE,"other"
"30v5_Down","Galnt1",FALSE,FALSE,"other"
"30v5_Down","Gas2l1",FALSE,FALSE,"other"
"30v5_Down","Hapln1",FALSE,FALSE,"other"
"30v5_Down","Hccs",FALSE,FALSE,"other"
"30v5_Down","Heatr6",FALSE,FALSE,"other"
"30v5_Down","Hectd2",FALSE,FALSE,"other"
"30v5_Down","Hsdl2",FALSE,FALSE,"other"
"30v5_Down","Ikzf4",FALSE,FALSE,"other"
"30v5_Down","Jmjd4",FALSE,FALSE,"other"
"30v5_Down","Kifc3",FALSE,FALSE,"other"
"30v5_Down","Lancl2",FALSE,FALSE,"other"
"30v5_Down","Lhfpl2",FALSE,FALSE,"other"
"30v5_Down","Lratd1",FALSE,FALSE,"other"
"30v5_Down","Lrch2",FALSE,FALSE,"other"
"30v5_Down","Lrig1",FALSE,FALSE,"other"
"30v5_Down","Mapkbp1",FALSE,FALSE,"other"
"30v5_Down","Marchf5",FALSE,FALSE,"other"
"30v5_Down","Mcf2l",FALSE,FALSE,"other"
"30v5_Down","Mfap3l",FALSE,FALSE,"other"
"30v5_Down","Mfsd14b",FALSE,FALSE,"other"
"30v5_Down","Mlf2",FALSE,FALSE,"other"
"30v5_Down","Msi2",FALSE,FALSE,"other"
"30v5_Down","Mtmr4",FALSE,FALSE,"other"
"30v5_Down","Mtx3",FALSE,FALSE,"other"
"30v5_Down","Nbeal1",FALSE,FALSE,"other"
"30v5_Down","Nfx1",FALSE,FALSE,"other"
"30v5_Down","Nnat",FALSE,FALSE,"other"
"30v5_Down","Nyap1",FALSE,FALSE,"other"
"30v5_Down","Odc1",FALSE,FALSE,"other"
"30v5_Down","Osgin2",FALSE,FALSE,"other"
"30v5_Down","Oxnad1",FALSE,FALSE,"other"
"30v5_Down","Paqr4",FALSE,FALSE,"other"
"30v5_Down","Pbx2",FALSE,FALSE,"other"
"30v5_Down","Pcyt1b",FALSE,FALSE,"other"
"30v5_Down","Phf6",FALSE,FALSE,"other"
"30v5_Down","Plagl1",FALSE,FALSE,"other"
"30v5_Down","Pogk",FALSE,FALSE,"other"
"30v5_Down","Polr2b",FALSE,FALSE,"other"
"30v5_Down","Ppp6c",FALSE,FALSE,"other"
"30v5_Down","Ppp6r3",FALSE,FALSE,"other"
"30v5_Down","Prkab2",FALSE,FALSE,"other"
"30v5_Down","Psat1",FALSE,FALSE,"other"
"30v5_Down","Psme3",FALSE,FALSE,"other"
"30v5_Down","Qser1",FALSE,FALSE,"other"
"30v5_Down","Rab39b",FALSE,FALSE,"other"
"30v5_Down","Rasa3",FALSE,FALSE,"other"
"30v5_Down","Rel",FALSE,FALSE,"other"
"30v5_Down","Retreg2",FALSE,FALSE,"other"
"30v5_Down","Rnf214",FALSE,FALSE,"other"
"30v5_Down","Rsbn1l",FALSE,FALSE,"other"
"30v5_Down","Rusc1",FALSE,FALSE,"other"
"30v5_Down","Sec24a",FALSE,FALSE,"other"
"30v5_Down","Selenoi",FALSE,FALSE,"other"
"30v5_Down","Sesn1",FALSE,FALSE,"other"
"30v5_Down","Sh3bp5",FALSE,FALSE,"other"
"30v5_Down","Slc41a1",FALSE,FALSE,"other"
"30v5_Down","Snx18",FALSE,FALSE,"other"
"30v5_Down","Srrm3",FALSE,FALSE,"other"
"30v5_Down","St8sia4",FALSE,FALSE,"other"
"30v5_Down","Stip1",FALSE,FALSE,"other"
"30v5_Down","Stmn4",FALSE,FALSE,"other"
"30v5_Down","Thtpa",FALSE,FALSE,"other"
"30v5_Down","Tmem59",FALSE,FALSE,"other"
"30v5_Down","Trappc13",FALSE,FALSE,"other"
"30v5_Down","Trp53bp2",FALSE,FALSE,"other"
"30v5_Down","Txndc16",FALSE,FALSE,"other"
"30v5_Down","Uba3",FALSE,FALSE,"other"
"30v5_Down","Ubap1",FALSE,FALSE,"other"
"30v5_Down","Ube2w",FALSE,FALSE,"other"
"30v5_Down","Uggt1",FALSE,FALSE,"other"
"30v5_Down","Usp14",FALSE,FALSE,"other"
"30v5_Down","Usp40",FALSE,FALSE,"other"
"30v5_Down","Usp6nl",FALSE,FALSE,"other"
"30v5_Down","Vezt",FALSE,FALSE,"other"
"30v5_Down","Vipas39",FALSE,FALSE,"other"
"30v5_Down","Vps39",FALSE,FALSE,"other"
"30v5_Down","Vps50",FALSE,FALSE,"other"
"30v5_Down","Wdr37",FALSE,FALSE,"other"
"30v5_Down","Yaf2",FALSE,FALSE,"other"
"30v5_Down","Zbtb22",FALSE,FALSE,"other"
"30v5_Down","Zbtb5",FALSE,FALSE,"other"
"30v5_Down","Zfp120",FALSE,FALSE,"other"
"30v5_Down","Zfp275",FALSE,FALSE,"other"
"30v5_Down","Zfp397",FALSE,FALSE,"other"
"30v5_Down","Zfp422",FALSE,FALSE,"other"
"30v5_Down","Zfp46",FALSE,FALSE,"other"
"30v5_Down","Zfp606",FALSE,FALSE,"other"
"30v5_Down","Zfp667",FALSE,FALSE,"other"
"30v5_Down","Zfp68",FALSE,FALSE,"other"
"30v5_Down","Zfp777",FALSE,FALSE,"other"
"30v5_Down","Zfp942",FALSE,FALSE,"other"
"30v5_Down","Zfp991",FALSE,FALSE,"other"
"30v5_Down","Zkscan17",FALSE,FALSE,"other"
"30v5_Down","Aldh2",FALSE,TRUE,"synaptic_terms"
"30v5_Down","Ankrd13b",FALSE,TRUE,"synaptic_terms"
"30v5_Down","Anks1",FALSE,TRUE,"synaptic_terms"
"30v5_Down","Atp6v0a1",FALSE,TRUE,"synaptic_terms"
"30v5_Down","Bag1",FALSE,TRUE,"synaptic_terms"
"30v5_Down","Bhlhb9",FALSE,TRUE,"synaptic_terms"
"30v5_Down","Capn2",FALSE,TRUE,"synaptic_terms"
"30v5_Down","Cep131",FALSE,TRUE,"synaptic_terms"
"30v5_Down","Cpne3",FALSE,TRUE,"synaptic_terms"
"30v5_Down","Cpt1a",FALSE,TRUE,"synaptic_terms"
"30v5_Down","Cttnbp2nl",FALSE,TRUE,"synaptic_terms"
"30v5_Down","Dst",FALSE,TRUE,"synaptic_terms"
"30v5_Down","Efnb2",FALSE,TRUE,"synaptic_terms"
"30v5_Down","Elf1",FALSE,TRUE,"synaptic_terms"
"30v5_Down","Etv1",FALSE,TRUE,"synaptic_terms"
"30v5_Down","Farp1",FALSE,TRUE,"synaptic_terms"
"30v5_Down","Fbxo38",FALSE,TRUE,"synaptic_terms"
"30v5_Down","Fbxo45",FALSE,TRUE,"synaptic_terms"
"30v5_Down","Fchsd2",FALSE,TRUE,"synaptic_terms"
"30v5_Down","Fkbp4",FALSE,TRUE,"synaptic_terms"
"30v5_Down","Foxo1",FALSE,TRUE,"synaptic_terms"
"30v5_Down","Foxo6",FALSE,TRUE,"synaptic_terms"
"30v5_Down","Gcnt2",FALSE,TRUE,"synaptic_terms"
"30v5_Down","Gjc3",FALSE,TRUE,"synaptic_terms"
"30v5_Down","Gls",FALSE,TRUE,"synaptic_terms"
"30v5_Down","Hip1r",FALSE,TRUE,"synaptic_terms"
"30v5_Down","Il1r1",FALSE,TRUE,"synaptic_terms"
"30v5_Down","Iqgap1",FALSE,TRUE,"synaptic_terms"
"30v5_Down","Itgb1",FALSE,TRUE,"synaptic_terms"
"30v5_Down","Itgb8",FALSE,TRUE,"synaptic_terms"
"30v5_Down","Itpr2",FALSE,TRUE,"synaptic_terms"
"30v5_Down","Kcnj10",FALSE,TRUE,"synaptic_terms"
"30v5_Down","Kcnj16",FALSE,TRUE,"synaptic_terms"
"30v5_Down","Lgi2",FALSE,TRUE,"synaptic_terms"
"30v5_Down","Macf1",FALSE,TRUE,"synaptic_terms"
"30v5_Down","Map6",FALSE,TRUE,"synaptic_terms"
"30v5_Down","Mib1",FALSE,TRUE,"synaptic_terms"
"30v5_Down","Mkks",FALSE,TRUE,"synaptic_terms"
"30v5_Down","Myh14",FALSE,TRUE,"synaptic_terms"
"30v5_Down","Myh9",FALSE,TRUE,"synaptic_terms"
"30v5_Down","Nab1",FALSE,TRUE,"synaptic_terms"
"30v5_Down","Ndrg1",FALSE,TRUE,"synaptic_terms"
"30v5_Down","Nr1d2",FALSE,TRUE,"synaptic_terms"
"30v5_Down","Pdcd4",FALSE,TRUE,"synaptic_terms"
"30v5_Down","Plaa",FALSE,TRUE,"synaptic_terms"
"30v5_Down","Plcl1",FALSE,TRUE,"synaptic_terms"
"30v5_Down","Plxnb1",FALSE,TRUE,"synaptic_terms"
"30v5_Down","Pnkd",FALSE,TRUE,"synaptic_terms"
"30v5_Down","Prkaa2",FALSE,TRUE,"synaptic_terms"
"30v5_Down","Ptprd",FALSE,TRUE,"synaptic_terms"
"30v5_Down","Rab5a",FALSE,TRUE,"synaptic_terms"
"30v5_Down","Rdx",FALSE,TRUE,"synaptic_terms"
"30v5_Down","Retreg3",FALSE,TRUE,"synaptic_terms"
"30v5_Down","Rpl22",FALSE,TRUE,"synaptic_terms"
"30v5_Down","Rps6ka3",FALSE,TRUE,"synaptic_terms"
"30v5_Down","Sall1",FALSE,TRUE,"synaptic_terms"
"30v5_Down","Scrn1",FALSE,TRUE,"synaptic_terms"
"30v5_Down","Scyl2",FALSE,TRUE,"synaptic_terms"
"30v5_Down","Slc19a2",FALSE,TRUE,"synaptic_terms"
"30v5_Down","Slc39a12",FALSE,TRUE,"synaptic_terms"
"30v5_Down","Slc6a1",FALSE,TRUE,"synaptic_terms"
"30v5_Down","Slmap",FALSE,TRUE,"synaptic_terms"
"30v5_Down","Snx1",FALSE,TRUE,"synaptic_terms"
"30v5_Down","Socs3",FALSE,TRUE,"synaptic_terms"
"30v5_Down","Stambp",FALSE,TRUE,"synaptic_terms"
"30v5_Down","Stx2",FALSE,TRUE,"synaptic_terms"
"30v5_Down","Stxbp3",FALSE,TRUE,"synaptic_terms"
"30v5_Down","Synj2",FALSE,TRUE,"synaptic_terms"
"30v5_Down","Tmem144",FALSE,TRUE,"synaptic_terms"
"30v5_Down","Trf",FALSE,TRUE,"synaptic_terms"
"30v5_Down","Ugt8a",FALSE,TRUE,"synaptic_terms"
"30v5_Down","Unc5b",FALSE,TRUE,"synaptic_terms"
"30v5_Down","Vegfb",FALSE,TRUE,"synaptic_terms"
"30v5_Up","Arid5b",TRUE,FALSE,"nuclear_terms"
"30v5_Up","Chd3",TRUE,FALSE,"nuclear_terms"
"30v5_Up","D7Ertd443e",TRUE,FALSE,"nuclear_terms"
"30v5_Up","Fam168a",TRUE,FALSE,"nuclear_terms"
"30v5_Up","Gtf2h5",TRUE,FALSE,"nuclear_terms"
"30v5_Up","Gtf3c3",TRUE,FALSE,"nuclear_terms"
"30v5_Up","Huwe1",TRUE,FALSE,"nuclear_terms"
"30v5_Up","Kat6b",TRUE,FALSE,"nuclear_terms"
"30v5_Up","Larp1",TRUE,FALSE,"nuclear_terms"
"30v5_Up","Maged1",TRUE,FALSE,"nuclear_terms"
"30v5_Up","Marf1",TRUE,FALSE,"nuclear_terms"
"30v5_Up","Mtdh",TRUE,FALSE,"nuclear_terms"
"30v5_Up","Ncoa6",TRUE,FALSE,"nuclear_terms"
"30v5_Up","Pnrc1",TRUE,FALSE,"nuclear_terms"
"30v5_Up","Ppp1r12a",TRUE,FALSE,"nuclear_terms"
"30v5_Up","Rai1",TRUE,FALSE,"nuclear_terms"
"30v5_Up","Rasgrp1",TRUE,FALSE,"nuclear_terms"
"30v5_Up","Spin1",TRUE,FALSE,"nuclear_terms"
"30v5_Up","Ubqln4",TRUE,FALSE,"nuclear_terms"
"30v5_Up","Abhd8",FALSE,FALSE,"other"
"30v5_Up","Abr",FALSE,FALSE,"other"
"30v5_Up","Acox1",FALSE,FALSE,"other"
"30v5_Up","Agpat3",FALSE,FALSE,"other"
"30v5_Up","Arf3",FALSE,FALSE,"other"
"30v5_Up","Arl15",FALSE,FALSE,"other"
"30v5_Up","Arnt2",FALSE,FALSE,"other"
"30v5_Up","COX3",FALSE,FALSE,"other"
"30v5_Up","Cabp7",FALSE,FALSE,"other"
"30v5_Up","Cacul1",FALSE,FALSE,"other"
"30v5_Up","Camsap2",FALSE,FALSE,"other"
"30v5_Up","Castor2",FALSE,FALSE,"other"
"30v5_Up","Cbx6",FALSE,FALSE,"other"
"30v5_Up","Cmip",FALSE,FALSE,"other"
"30v5_Up","Creg2",FALSE,FALSE,"other"
"30v5_Up","Cyria",FALSE,FALSE,"other"
"30v5_Up","Ddn",FALSE,FALSE,"other"
"30v5_Up","Dennd5b",FALSE,FALSE,"other"
"30v5_Up","Dnajb14",FALSE,FALSE,"other"
"30v5_Up","Dusp8",FALSE,FALSE,"other"
"30v5_Up","Emsy",FALSE,FALSE,"other"
"30v5_Up","Fam168b",FALSE,FALSE,"other"
"30v5_Up","Fam171a2",FALSE,FALSE,"other"
"30v5_Up","Fam193a",FALSE,FALSE,"other"
"30v5_Up","Fbxl16",FALSE,FALSE,"other"
"30v5_Up","Fbxl17",FALSE,FALSE,"other"
"30v5_Up","Fbxo25",FALSE,FALSE,"other"
"30v5_Up","Fech",FALSE,FALSE,"other"
"30v5_Up","Gm21992",FALSE,FALSE,"other"
"30v5_Up","Gprin1",FALSE,FALSE,"other"
"30v5_Up","Gtdc1",FALSE,FALSE,"other"
"30v5_Up","Hivep2",FALSE,FALSE,"other"
"30v5_Up","Hpcal4",FALSE,FALSE,"other"
"30v5_Up","Kcmf1",FALSE,FALSE,"other"
"30v5_Up","Llgl1",FALSE,FALSE,"other"
"30v5_Up","Lonrf2",FALSE,FALSE,"other"
"30v5_Up","Lrp1b",FALSE,FALSE,"other"
"30v5_Up","Mast2",FALSE,FALSE,"other"
"30v5_Up","Mat2b",FALSE,FALSE,"other"
"30v5_Up","Med13l",FALSE,FALSE,"other"
"30v5_Up","Mef2d",FALSE,FALSE,"other"
"30v5_Up","Mical2",FALSE,FALSE,"other"
"30v5_Up","Mlip",FALSE,FALSE,"other"
"30v5_Up","Mprip",FALSE,FALSE,"other"
"30v5_Up","Nacc1",FALSE,FALSE,"other"
"30v5_Up","Nav3",FALSE,FALSE,"other"
"30v5_Up","Neurod6",FALSE,FALSE,"other"
"30v5_Up","Nomo1",FALSE,FALSE,"other"
"30v5_Up","Ogfod1",FALSE,FALSE,"other"
"30v5_Up","Olfm3",FALSE,FALSE,"other"
"30v5_Up","Pcnx",FALSE,FALSE,"other"
"30v5_Up","Pdzd4",FALSE,FALSE,"other"
"30v5_Up","Pgs1",FALSE,FALSE,"other"
"30v5_Up","Pitpnm1",FALSE,FALSE,"other"
"30v5_Up","Pitpnm2",FALSE,FALSE,"other"
"30v5_Up","Ppm1e",FALSE,FALSE,"other"
"30v5_Up","Ppp1r13b",FALSE,FALSE,"other"
"30v5_Up","Ppp2r2c",FALSE,FALSE,"other"
"30v5_Up","Prr14l",FALSE,FALSE,"other"
"30v5_Up","Prrc2b",FALSE,FALSE,"other"
"30v5_Up","Rab3gap2",FALSE,FALSE,"other"
"30v5_Up","Rapgef5",FALSE,FALSE,"other"
"30v5_Up","Rasal2",FALSE,FALSE,"other"
"30v5_Up","Rasgef1a",FALSE,FALSE,"other"
"30v5_Up","Rasl10b",FALSE,FALSE,"other"
"30v5_Up","Rps6kc1",FALSE,FALSE,"other"
"30v5_Up","Rsbn1",FALSE,FALSE,"other"
"30v5_Up","Rtn1",FALSE,FALSE,"other"
"30v5_Up","Rtn3",FALSE,FALSE,"other"
"30v5_Up","Rusc2",FALSE,FALSE,"other"
"30v5_Up","Sbf1",FALSE,FALSE,"other"
"30v5_Up","Serinc3",FALSE,FALSE,"other"
"30v5_Up","Slc35f1",FALSE,FALSE,"other"
"30v5_Up","Snx19",FALSE,FALSE,"other"
"30v5_Up","Sowaha",FALSE,FALSE,"other"
"30v5_Up","Srgap3",FALSE,FALSE,"other"
"30v5_Up","St3gal2",FALSE,FALSE,"other"
"30v5_Up","St6gal2",FALSE,FALSE,"other"
"30v5_Up","Strn4",FALSE,FALSE,"other"
"30v5_Up","Tcf20",FALSE,FALSE,"other"
"30v5_Up","Tef",FALSE,FALSE,"other"
"30v5_Up","Tln2",FALSE,FALSE,"other"
"30v5_Up","Tmcc1",FALSE,FALSE,"other"
"30v5_Up","Tmem151b",FALSE,FALSE,"other"
"30v5_Up","Trappc8",FALSE,FALSE,"other"
"30v5_Up","Tsc22d1",FALSE,FALSE,"other"
"30v5_Up","Vapa",FALSE,FALSE,"other"
"30v5_Up","Wdtc1",FALSE,FALSE,"other"
"30v5_Up","Wipf3",FALSE,FALSE,"other"
"30v5_Up","Zbtb18",FALSE,FALSE,"other"
"30v5_Up","Zcchc14",FALSE,FALSE,"other"
"30v5_Up","Zdhhc14",FALSE,FALSE,"other"
"30v5_Up","Zfp831",FALSE,FALSE,"other"
"30v5_Up","Zfyve1",FALSE,FALSE,"other"
"30v5_Up","Abi2",FALSE,TRUE,"synaptic_terms"
"30v5_Up","Actb",TRUE,TRUE,"synaptic_terms"
"30v5_Up","Actn4",FALSE,TRUE,"synaptic_terms"
"30v5_Up","Actr3",TRUE,TRUE,"synaptic_terms"
"30v5_Up","Adam11",FALSE,TRUE,"synaptic_terms"
"30v5_Up","Adcy1",TRUE,TRUE,"synaptic_terms"
"30v5_Up","Adgrl2",FALSE,TRUE,"synaptic_terms"
"30v5_Up","Ahi1",FALSE,TRUE,"synaptic_terms"
"30v5_Up","Ank3",FALSE,TRUE,"synaptic_terms"
"30v5_Up","App",TRUE,TRUE,"synaptic_terms"
"30v5_Up","Arl8a",TRUE,TRUE,"synaptic_terms"
"30v5_Up","Astn2",FALSE,TRUE,"synaptic_terms"
"30v5_Up","Atn1",FALSE,TRUE,"synaptic_terms"
"30v5_Up","Atp2a2",TRUE,TRUE,"synaptic_terms"
"30v5_Up","Atp2b2",TRUE,TRUE,"synaptic_terms"
"30v5_Up","Atp5f1a",TRUE,TRUE,"synaptic_terms"
"30v5_Up","Atp6v1b2",TRUE,TRUE,"synaptic_terms"
"30v5_Up","Atp6v1e1",FALSE,TRUE,"synaptic_terms"
"30v5_Up","Atxn1",TRUE,TRUE,"synaptic_terms"
"30v5_Up","Auts2",TRUE,TRUE,"synaptic_terms"
"30v5_Up","B3gat1",FALSE,TRUE,"synaptic_terms"
"30v5_Up","Bcl11b",TRUE,TRUE,"synaptic_terms"
"30v5_Up","Bcr",FALSE,TRUE,"synaptic_terms"
"30v5_Up","Brsk1",TRUE,TRUE,"synaptic_terms"
"30v5_Up","Cacna1a",TRUE,TRUE,"synaptic_terms"
"30v5_Up","Cacna2d3",FALSE,TRUE,"synaptic_terms"
"30v5_Up","Calm1",TRUE,TRUE,"synaptic_terms"
"30v5_Up","Calm2",FALSE,TRUE,"synaptic_terms"
"30v5_Up","Calm3",FALSE,TRUE,"synaptic_terms"
"30v5_Up","Camk2a",TRUE,TRUE,"synaptic_terms"
"30v5_Up","Camk2b",TRUE,TRUE,"synaptic_terms"
"30v5_Up","Cdh8",FALSE,TRUE,"synaptic_terms"
"30v5_Up","Cic",FALSE,TRUE,"synaptic_terms"
"30v5_Up","Clasp2",TRUE,TRUE,"synaptic_terms"
"30v5_Up","Cnksr2",FALSE,TRUE,"synaptic_terms"
"30v5_Up","Cntnap1",FALSE,TRUE,"synaptic_terms"
"30v5_Up","Crim1",FALSE,TRUE,"synaptic_terms"
"30v5_Up","Crk",TRUE,TRUE,"synaptic_terms"
"30v5_Up","Cyfip2",FALSE,TRUE,"synaptic_terms"
"30v5_Up","Dbn1",FALSE,TRUE,"synaptic_terms"
"30v5_Up","Dlg2",FALSE,TRUE,"synaptic_terms"
"30v5_Up","Dmtn",FALSE,TRUE,"synaptic_terms"
"30v5_Up","Dner",FALSE,TRUE,"synaptic_terms"
"30v5_Up","Dop1b",FALSE,TRUE,"synaptic_terms"
"30v5_Up","Dscam",FALSE,TRUE,"synaptic_terms"
"30v5_Up","Eef2",FALSE,TRUE,"synaptic_terms"
"30v5_Up","Elk1",FALSE,TRUE,"synaptic_terms"
"30v5_Up","Faim2",FALSE,TRUE,"synaptic_terms"
"30v5_Up","Fgf13",FALSE,TRUE,"synaptic_terms"
"30v5_Up","Frrs1l",FALSE,TRUE,"synaptic_terms"
"30v5_Up","Fzd3",FALSE,TRUE,"synaptic_terms"
"30v5_Up","Gabbr1",FALSE,TRUE,"synaptic_terms"
"30v5_Up","Gabbr2",FALSE,TRUE,"synaptic_terms"
"30v5_Up","Git1",FALSE,TRUE,"synaptic_terms"
"30v5_Up","Gnai1",TRUE,TRUE,"synaptic_terms"
"30v5_Up","Gnaq",FALSE,TRUE,"synaptic_terms"
"30v5_Up","Gnaz",FALSE,TRUE,"synaptic_terms"
"30v5_Up","Gnb1",FALSE,TRUE,"synaptic_terms"
"30v5_Up","Gpm6a",FALSE,TRUE,"synaptic_terms"
"30v5_Up","Gria1",FALSE,TRUE,"synaptic_terms"
"30v5_Up","Grin2a",FALSE,TRUE,"synaptic_terms"
"30v5_Up","Grina",FALSE,TRUE,"synaptic_terms"
"30v5_Up","Grm5",FALSE,TRUE,"synaptic_terms"
"30v5_Up","Herc1",FALSE,TRUE,"synaptic_terms"
"30v5_Up","Hnrnpd",TRUE,TRUE,"synaptic_terms"
"30v5_Up","Hpca",TRUE,TRUE,"synaptic_terms"
"30v5_Up","Hsp90ab1",TRUE,TRUE,"synaptic_terms"
"30v5_Up","Hspa5",TRUE,TRUE,"synaptic_terms"
"30v5_Up","Impact",FALSE,TRUE,"synaptic_terms"
"30v5_Up","Iqgap2",FALSE,TRUE,"synaptic_terms"
"30v5_Up","Iqsec2",FALSE,TRUE,"synaptic_terms"
"30v5_Up","Itm2c",FALSE,TRUE,"synaptic_terms"
"30v5_Up","Itpr1",FALSE,TRUE,"synaptic_terms"
"30v5_Up","Jph4",FALSE,TRUE,"synaptic_terms"
"30v5_Up","Kcnd2",FALSE,TRUE,"synaptic_terms"
"30v5_Up","Kcnh3",FALSE,TRUE,"synaptic_terms"
"30v5_Up","Kcnj6",FALSE,TRUE,"synaptic_terms"
"30v5_Up","Kcnq2",TRUE,TRUE,"synaptic_terms"
"30v5_Up","Kif1a",TRUE,TRUE,"synaptic_terms"
"30v5_Up","Kif5a",FALSE,TRUE,"synaptic_terms"
"30v5_Up","Kif5c",TRUE,TRUE,"synaptic_terms"
"30v5_Up","Lrrtm1",FALSE,TRUE,"synaptic_terms"
"30v5_Up","Map1a",FALSE,TRUE,"synaptic_terms"
"30v5_Up","Map1b",FALSE,TRUE,"synaptic_terms"
"30v5_Up","Map2",FALSE,TRUE,"synaptic_terms"
"30v5_Up","Mrtfb",TRUE,TRUE,"synaptic_terms"
"30v5_Up","Ncdn",FALSE,TRUE,"synaptic_terms"
"30v5_Up","Ncor1",TRUE,TRUE,"synaptic_terms"
"30v5_Up","Ndrg4",FALSE,TRUE,"synaptic_terms"
"30v5_Up","Nefl",FALSE,TRUE,"synaptic_terms"
"30v5_Up","Nell2",FALSE,TRUE,"synaptic_terms"
"30v5_Up","Neurod2",TRUE,TRUE,"synaptic_terms"
"30v5_Up","Nptn",FALSE,TRUE,"synaptic_terms"
"30v5_Up","Nr3c2",FALSE,TRUE,"synaptic_terms"
"30v5_Up","Nr4a1",FALSE,TRUE,"synaptic_terms"
"30v5_Up","Nrg3",FALSE,TRUE,"synaptic_terms"
"30v5_Up","Nrxn2",FALSE,TRUE,"synaptic_terms"
"30v5_Up","Olfm1",FALSE,TRUE,"synaptic_terms"
"30v5_Up","Pde10a",TRUE,TRUE,"synaptic_terms"
"30v5_Up","Pde2a",TRUE,TRUE,"synaptic_terms"
"30v5_Up","Pde8b",FALSE,TRUE,"synaptic_terms"
"30v5_Up","Phactr1",FALSE,TRUE,"synaptic_terms"
"30v5_Up","Pip5k1c",FALSE,TRUE,"synaptic_terms"
"30v5_Up","Pja2",FALSE,TRUE,"synaptic_terms"
"30v5_Up","Pls3",FALSE,TRUE,"synaptic_terms"
"30v5_Up","Plxna4",FALSE,TRUE,"synaptic_terms"
"30v5_Up","Ppp1r9b",FALSE,TRUE,"synaptic_terms"
"30v5_Up","Ppp3ca",TRUE,TRUE,"synaptic_terms"
"30v5_Up","Ppp3cb",TRUE,TRUE,"synaptic_terms"
"30v5_Up","Ppp3r1",TRUE,TRUE,"synaptic_terms"
"30v5_Up","Prkacb",FALSE,TRUE,"synaptic_terms"
"30v5_Up","Prkca",FALSE,TRUE,"synaptic_terms"
"30v5_Up","Prkcb",TRUE,TRUE,"synaptic_terms"
"30v5_Up","Prkce",FALSE,TRUE,"synaptic_terms"
"30v5_Up","Prnp",TRUE,TRUE,"synaptic_terms"
"30v5_Up","Ptk2b",TRUE,TRUE,"synaptic_terms"
"30v5_Up","Ptprs",FALSE,TRUE,"synaptic_terms"
"30v5_Up","Rab3gap1",FALSE,TRUE,"synaptic_terms"
"30v5_Up","Rasgrf1",FALSE,TRUE,"synaptic_terms"
"30v5_Up","Rbfox2",TRUE,TRUE,"synaptic_terms"
"30v5_Up","Rnf157",FALSE,TRUE,"synaptic_terms"
"30v5_Up","Rpl4",FALSE,TRUE,"synaptic_terms"
"30v5_Up","Rtn4rl1",FALSE,TRUE,"synaptic_terms"
"30v5_Up","Ryr3",FALSE,TRUE,"synaptic_terms"
"30v5_Up","Scn8a",FALSE,TRUE,"synaptic_terms"
"30v5_Up","Sec14l1",TRUE,TRUE,"synaptic_terms"
"30v5_Up","Shank1",FALSE,TRUE,"synaptic_terms"
"30v5_Up","Shank2",FALSE,TRUE,"synaptic_terms"
"30v5_Up","Shank3",FALSE,TRUE,"synaptic_terms"
"30v5_Up","Sipa1l1",FALSE,TRUE,"synaptic_terms"
"30v5_Up","Ski",TRUE,TRUE,"synaptic_terms"
"30v5_Up","Slc24a3",FALSE,TRUE,"synaptic_terms"
"30v5_Up","Slc25a23",TRUE,TRUE,"synaptic_terms"
"30v5_Up","Slc2a3",FALSE,TRUE,"synaptic_terms"
"30v5_Up","Slc8a1",FALSE,TRUE,"synaptic_terms"
"30v5_Up","Slitrk5",FALSE,TRUE,"synaptic_terms"
"30v5_Up","Snap25",FALSE,TRUE,"synaptic_terms"
"30v5_Up","Sorl1",FALSE,TRUE,"synaptic_terms"
"30v5_Up","Sptbn2",FALSE,TRUE,"synaptic_terms"
"30v5_Up","Srp54c",FALSE,TRUE,"synaptic_terms"
"30v5_Up","Sv2b",FALSE,TRUE,"synaptic_terms"
"30v5_Up","Syn1",FALSE,TRUE,"synaptic_terms"
"30v5_Up","Synj1",FALSE,TRUE,"synaptic_terms"
"30v5_Up","Synpo",FALSE,TRUE,"synaptic_terms"
"30v5_Up","Taok2",TRUE,TRUE,"synaptic_terms"
"30v5_Up","Tenm3",FALSE,TRUE,"synaptic_terms"
"30v5_Up","Thy1",FALSE,TRUE,"synaptic_terms"
"30v5_Up","Tmem106b",FALSE,TRUE,"synaptic_terms"
"30v5_Up","Trak2",FALSE,TRUE,"synaptic_terms"
"30v5_Up","Ttc3",FALSE,TRUE,"synaptic_terms"
"30v5_Up","Ubqln2",FALSE,TRUE,"synaptic_terms"
"30v5_Up","Wfs1",TRUE,TRUE,"synaptic_terms"
"30v5_Up","Ywhag",FALSE,TRUE,"synaptic_terms"
"30v5_Up","Ywhaz",TRUE,TRUE,"synaptic_terms"
"30v5_Up","Zfp703",FALSE,TRUE,"synaptic_terms"
"30v5_Up","Zfyve9",FALSE,TRUE,"synaptic_terms"
"5v0_Down","Acadsb",TRUE,FALSE,"nuclear_terms"
"5v0_Down","Akap1",TRUE,FALSE,"nuclear_terms"
"5v0_Down","Ampd2",TRUE,FALSE,"nuclear_terms"
"5v0_Down","Bclaf1",TRUE,FALSE,"nuclear_terms"
"5v0_Down","Dgcr8",TRUE,FALSE,"nuclear_terms"
"5v0_Down","Eri3",TRUE,FALSE,"nuclear_terms"
"5v0_Down","Gins2",TRUE,FALSE,"nuclear_terms"
"5v0_Down","Ints1",TRUE,FALSE,"nuclear_terms"
"5v0_Down","Ipo13",TRUE,FALSE,"nuclear_terms"
"5v0_Down","Med12",TRUE,FALSE,"nuclear_terms"
"5v0_Down","Med16",TRUE,FALSE,"nuclear_terms"
"5v0_Down","Mid2",TRUE,FALSE,"nuclear_terms"
"5v0_Down","Nol6",TRUE,FALSE,"nuclear_terms"
"5v0_Down","Poldip2",TRUE,FALSE,"nuclear_terms"
"5v0_Down","Pom121",TRUE,FALSE,"nuclear_terms"
"5v0_Down","Rbbp5",TRUE,FALSE,"nuclear_terms"
"5v0_Down","Ripor1",TRUE,FALSE,"nuclear_terms"
"5v0_Down","Sf3b1",TRUE,FALSE,"nuclear_terms"
"5v0_Down","Smc2",TRUE,FALSE,"nuclear_terms"
"5v0_Down","Son",TRUE,FALSE,"nuclear_terms"
"5v0_Down","Spns2",TRUE,FALSE,"nuclear_terms"
"5v0_Down","Supv3l1",TRUE,FALSE,"nuclear_terms"
"5v0_Down","Sympk",TRUE,FALSE,"nuclear_terms"
"5v0_Down","Taf5l",TRUE,FALSE,"nuclear_terms"
"5v0_Down","Tent4b",TRUE,FALSE,"nuclear_terms"
"5v0_Down","Tesk1",TRUE,FALSE,"nuclear_terms"
"5v0_Down","Ubxn2a",TRUE,FALSE,"nuclear_terms"
"5v0_Down","Virma",TRUE,FALSE,"nuclear_terms"
"5v0_Down","1110004F10Rik",FALSE,FALSE,"other"
"5v0_Down","Abca5",FALSE,FALSE,"other"
"5v0_Down","Ahdc1",FALSE,FALSE,"other"
"5v0_Down","Arhgef18",FALSE,FALSE,"other"
"5v0_Down","Bpnt1",FALSE,FALSE,"other"
"5v0_Down","Cdc42se2",FALSE,FALSE,"other"
"5v0_Down","Cds2",FALSE,FALSE,"other"
"5v0_Down","Cox4i1",FALSE,FALSE,"other"
"5v0_Down","Cxxc5",FALSE,FALSE,"other"
"5v0_Down","Depdc5",FALSE,FALSE,"other"
"5v0_Down","Disp2",FALSE,FALSE,"other"
"5v0_Down","Dnaja4",FALSE,FALSE,"other"
"5v0_Down","Dnajb12",FALSE,FALSE,"other"
"5v0_Down","Dpy19l4",FALSE,FALSE,"other"
"5v0_Down","Eno2",FALSE,FALSE,"other"
"5v0_Down","Extl3",FALSE,FALSE,"other"
"5v0_Down","Fam131b",FALSE,FALSE,"other"
"5v0_Down","Gorasp2",FALSE,FALSE,"other"
"5v0_Down","Hspa12a",FALSE,FALSE,"other"
"5v0_Down","Ids",FALSE,FALSE,"other"
"5v0_Down","Inpp5b",FALSE,FALSE,"other"
"5v0_Down","Ism1",FALSE,FALSE,"other"
"5v0_Down","Itfg1",FALSE,FALSE,"other"
"5v0_Down","Lmtk3",FALSE,FALSE,"other"
"5v0_Down","Maneal",FALSE,FALSE,"other"
"5v0_Down","Mboat2",FALSE,FALSE,"other"
"5v0_Down","Ncoa4",FALSE,FALSE,"other"
"5v0_Down","Nipa2",FALSE,FALSE,"other"
"5v0_Down","Opcml",FALSE,FALSE,"other"
"5v0_Down","Pfkm",FALSE,FALSE,"other"
"5v0_Down","Pld3",FALSE,FALSE,"other"
"5v0_Down","Plxdc2",FALSE,FALSE,"other"
"5v0_Down","Ralgapa2",FALSE,FALSE,"other"
"5v0_Down","Spock3",FALSE,FALSE,"other"
"5v0_Down","Stk40",FALSE,FALSE,"other"
"5v0_Down","Strip2",FALSE,FALSE,"other"
"5v0_Down","Tecpr2",FALSE,FALSE,"other"
"5v0_Down","Tmem200a",FALSE,FALSE,"other"
"5v0_Down","Tmem9b",FALSE,FALSE,"other"
"5v0_Down","Trhde",FALSE,FALSE,"other"
"5v0_Down","Vps35l",FALSE,FALSE,"other"
"5v0_Down","Zfc3h1",FALSE,FALSE,"other"
"5v0_Down","Actg1",FALSE,TRUE,"synaptic_terms"
"5v0_Down","Atf3",TRUE,TRUE,"synaptic_terms"
"5v0_Down","Atp2b3",FALSE,TRUE,"synaptic_terms"
"5v0_Down","Camta1",FALSE,TRUE,"synaptic_terms"
"5v0_Down","Cplx1",FALSE,TRUE,"synaptic_terms"
"5v0_Down","Cpne4",FALSE,TRUE,"synaptic_terms"
"5v0_Down","Dhx33",TRUE,TRUE,"synaptic_terms"
"5v0_Down","Dvl3",FALSE,TRUE,"synaptic_terms"
"5v0_Down","Entpd7",TRUE,TRUE,"synaptic_terms"
"5v0_Down","Fgfr2",TRUE,TRUE,"synaptic_terms"
"5v0_Down","Gmfb",FALSE,TRUE,"synaptic_terms"
"5v0_Down","Gng7",FALSE,TRUE,"synaptic_terms"
"5v0_Down","Grm7",FALSE,TRUE,"synaptic_terms"
"5v0_Down","Hspd1",TRUE,TRUE,"synaptic_terms"
"5v0_Down","Il16",FALSE,TRUE,"synaptic_terms"
"5v0_Down","Insyn1",FALSE,TRUE,"synaptic_terms"
"5v0_Down","Kat2a",TRUE,TRUE,"synaptic_terms"
"5v0_Down","Kcnj4",FALSE,TRUE,"synaptic_terms"
"5v0_Down","Kmt5b",TRUE,TRUE,"synaptic_terms"
"5v0_Down","Lgi1",FALSE,TRUE,"synaptic_terms"
"5v0_Down","Lrig2",FALSE,TRUE,"synaptic_terms"
"5v0_Down","Mapk8ip2",FALSE,TRUE,"synaptic_terms"
"5v0_Down","Nras",FALSE,TRUE,"synaptic_terms"
"5v0_Down","Onecut2",FALSE,TRUE,"synaptic_terms"
"5v0_Down","Ppm1l",FALSE,TRUE,"synaptic_terms"
"5v0_Down","Rasgrf2",FALSE,TRUE,"synaptic_terms"
"5v0_Down","Rgs14",TRUE,TRUE,"synaptic_terms"
"5v0_Down","Sec31a",FALSE,TRUE,"synaptic_terms"
"5v0_Down","Sema5a",FALSE,TRUE,"synaptic_terms"
"5v0_Down","Sema7a",FALSE,TRUE,"synaptic_terms"
"5v0_Down","Septin5",FALSE,TRUE,"synaptic_terms"
"5v0_Down","Setd5",TRUE,TRUE,"synaptic_terms"
"5v0_Down","Shc3",FALSE,TRUE,"synaptic_terms"
"5v0_Down","Slc22a17",FALSE,TRUE,"synaptic_terms"
"5v0_Down","Slc45a1",FALSE,TRUE,"synaptic_terms"
"5v0_Down","Slitrk2",FALSE,TRUE,"synaptic_terms"
"5v0_Down","Stmn2",FALSE,TRUE,"synaptic_terms"
"5v0_Down","Syngr1",FALSE,TRUE,"synaptic_terms"
"5v0_Down","Wnk3",FALSE,TRUE,"synaptic_terms"
"5v0_Down_30v5_Up","Atf6",TRUE,FALSE,"nuclear_terms"
"5v0_Down_30v5_Up","Eloc",TRUE,FALSE,"nuclear_terms"
"5v0_Down_30v5_Up","Rps6ka2",TRUE,FALSE,"nuclear_terms"
"5v0_Down_30v5_Up","Smg7",TRUE,FALSE,"nuclear_terms"
"5v0_Down_30v5_Up","Ahcyl2",FALSE,FALSE,"other"
"5v0_Down_30v5_Up","Ccdc126",FALSE,FALSE,"other"
"5v0_Down_30v5_Up","Chst15",FALSE,FALSE,"other"
"5v0_Down_30v5_Up","Diaph2",FALSE,FALSE,"other"
"5v0_Down_30v5_Up","Fam110b",FALSE,FALSE,"other"
"5v0_Down_30v5_Up","Galnt16",FALSE,FALSE,"other"
"5v0_Down_30v5_Up","Galnt9",FALSE,FALSE,"other"
"5v0_Down_30v5_Up","Lrrn2",FALSE,FALSE,"other"
"5v0_Down_30v5_Up","Mast3",FALSE,FALSE,"other"
"5v0_Down_30v5_Up","Minpp1",FALSE,FALSE,"other"
"5v0_Down_30v5_Up","Nedd8",FALSE,FALSE,"other"
"5v0_Down_30v5_Up","Samd8",FALSE,FALSE,"other"
"5v0_Down_30v5_Up","Slc7a14",FALSE,FALSE,"other"
"5v0_Down_30v5_Up","Tecpr1",FALSE,FALSE,"other"
"5v0_Down_30v5_Up","Tmem88b",FALSE,FALSE,"other"
"5v0_Down_30v5_Up","Ube2h",FALSE,FALSE,"other"
"5v0_Down_30v5_Up","Zfp281",FALSE,FALSE,"other"
"5v0_Down_30v5_Up","Adgrg1",FALSE,TRUE,"synaptic_terms"
"5v0_Down_30v5_Up","Aplp1",TRUE,TRUE,"synaptic_terms"
"5v0_Down_30v5_Up","Brinp2",FALSE,TRUE,"synaptic_terms"
"5v0_Down_30v5_Up","Cacna1e",FALSE,TRUE,"synaptic_terms"
"5v0_Down_30v5_Up","Cd63",FALSE,TRUE,"synaptic_terms"
"5v0_Down_30v5_Up","Cdk5r1",TRUE,TRUE,"synaptic_terms"
"5v0_Down_30v5_Up","Clstn1",FALSE,TRUE,"synaptic_terms"
"5v0_Down_30v5_Up","Clstn2",FALSE,TRUE,"synaptic_terms"
"5v0_Down_30v5_Up","Dcc",FALSE,TRUE,"synaptic_terms"
"5v0_Down_30v5_Up","Gabrb2",FALSE,TRUE,"synaptic_terms"
"5v0_Down_30v5_Up","Grik3",FALSE,TRUE,"synaptic_terms"
"5v0_Down_30v5_Up","Hcn1",FALSE,TRUE,"synaptic_terms"
"5v0_Down_30v5_Up","Hdac6",TRUE,TRUE,"synaptic_terms"
"5v0_Down_30v5_Up","Kcnc2",TRUE,TRUE,"synaptic_terms"
"5v0_Down_30v5_Up","Lingo1",FALSE,TRUE,"synaptic_terms"
"5v0_Down_30v5_Up","Lrrc8b",FALSE,TRUE,"synaptic_terms"
"5v0_Down_30v5_Up","Magi2",FALSE,TRUE,"synaptic_terms"
"5v0_Down_30v5_Up","Mink1",FALSE,TRUE,"synaptic_terms"
"5v0_Down_30v5_Up","Nsf",FALSE,TRUE,"synaptic_terms"
"5v0_Down_30v5_Up","Pacsin1",FALSE,TRUE,"synaptic_terms"
"5v0_Down_30v5_Up","Pcdh1",FALSE,TRUE,"synaptic_terms"
"5v0_Down_30v5_Up","Pef1",FALSE,TRUE,"synaptic_terms"
"5v0_Down_30v5_Up","Sema6b",FALSE,TRUE,"synaptic_terms"
"5v0_Down_30v5_Up","Slitrk4",FALSE,TRUE,"synaptic_terms"
"5v0_Down_30v5_Up","Spock1",FALSE,TRUE,"synaptic_terms"
"5v0_Down_30v5_Up","Stxbp1",FALSE,TRUE,"synaptic_terms"
"5v0_Down_30v5_Up","Syt1",FALSE,TRUE,"synaptic_terms"
"5v0_Down_30v5_Up","Tnfrsf21",TRUE,TRUE,"synaptic_terms"
"5v0_Down_30v5_Up","Tubb5",TRUE,TRUE,"synaptic_terms"
"5v0_Down_30v5_Up","Ywhae",TRUE,TRUE,"synaptic_terms"
"5v0_Up","Akap13",TRUE,TRUE,"nuclear_terms"
"5v0_Up","Appl1",TRUE,TRUE,"nuclear_terms"
"5v0_Up","Atp5mc1",TRUE,TRUE,"nuclear_terms"
"5v0_Up","Atrip",TRUE,FALSE,"nuclear_terms"
"5v0_Up","Cdk17",TRUE,FALSE,"nuclear_terms"
"5v0_Up","Ece1",TRUE,TRUE,"nuclear_terms"
"5v0_Up","Gart",TRUE,FALSE,"nuclear_terms"
"5v0_Up","Gtf2a1",TRUE,FALSE,"nuclear_terms"
"5v0_Up","Guk1",TRUE,FALSE,"nuclear_terms"
"5v0_Up","Hnrnpu",TRUE,FALSE,"nuclear_terms"
"5v0_Up","Ipo7",TRUE,FALSE,"nuclear_terms"
"5v0_Up","Itch",TRUE,TRUE,"nuclear_terms"
"5v0_Up","Jmjd1c",TRUE,FALSE,"nuclear_terms"
"5v0_Up","Kif2a",TRUE,FALSE,"nuclear_terms"
"5v0_Up","Nedd9",TRUE,TRUE,"nuclear_terms"
"5v0_Up","Nol11",TRUE,FALSE,"nuclear_terms"
"5v0_Up","Phf20l1",TRUE,FALSE,"nuclear_terms"
"5v0_Up","Prlr",TRUE,TRUE,"nuclear_terms"
"5v0_Up","Qki",TRUE,TRUE,"nuclear_terms"
"5v0_Up","Setbp1",TRUE,FALSE,"nuclear_terms"
"5v0_Up","Slc3a2",TRUE,TRUE,"nuclear_terms"
"5v0_Up","Snca",TRUE,TRUE,"nuclear_terms"
"5v0_Up","Snrnp27",TRUE,FALSE,"nuclear_terms"
"5v0_Up","Sos1",TRUE,TRUE,"nuclear_terms"
"5v0_Up","Taf2",TRUE,FALSE,"nuclear_terms"
"5v0_Up","Tlk2",TRUE,FALSE,"nuclear_terms"
"5v0_Up","Tnpo1",TRUE,FALSE,"nuclear_terms"
"5v0_Up","Txnrd1",TRUE,FALSE,"nuclear_terms"
"5v0_Up","Uap1",TRUE,FALSE,"nuclear_terms"
"5v0_Up","Vcpip1",TRUE,FALSE,"nuclear_terms"
"5v0_Up","Washc1",TRUE,FALSE,"nuclear_terms"
"5v0_Up","Zswim8",TRUE,FALSE,"nuclear_terms"
"5v0_Up","6430548M08Rik",FALSE,FALSE,"other"
"5v0_Up","Aamp",FALSE,FALSE,"other"
"5v0_Up","Ahsa1",FALSE,FALSE,"other"
"5v0_Up","Arl14ep",FALSE,FALSE,"other"
"5v0_Up","Cdc37l1",FALSE,FALSE,"other"
"5v0_Up","Chchd6",FALSE,FALSE,"other"
"5v0_Up","Cldn34c1",FALSE,FALSE,"other"
"5v0_Up","Coq2",FALSE,FALSE,"other"
"5v0_Up","Gcc2",FALSE,FALSE,"other"
"5v0_Up","Gps1",FALSE,FALSE,"other"
"5v0_Up","Krt222",FALSE,FALSE,"other"
"5v0_Up","Mex3c",FALSE,FALSE,"other"
"5v0_Up","Necab1",FALSE,FALSE,"other"
"5v0_Up","Oplah",FALSE,FALSE,"other"
"5v0_Up","Pdzrn3",FALSE,FALSE,"other"
"5v0_Up","Peli2",FALSE,FALSE,"other"
"5v0_Up","Plpp7",FALSE,FALSE,"other"
"5v0_Up","Rab43",FALSE,FALSE,"other"
"5v0_Up","Rbl2",FALSE,FALSE,"other"
"5v0_Up","Rbms2",FALSE,FALSE,"other"
"5v0_Up","Rnf114",FALSE,FALSE,"other"
"5v0_Up","Sbk1",FALSE,FALSE,"other"
"5v0_Up","Scamp3",FALSE,FALSE,"other"
"5v0_Up","Slc30a9",FALSE,FALSE,"other"
"5v0_Up","Smim10l1",FALSE,FALSE,"other"
"5v0_Up","Snx12",FALSE,FALSE,"other"
"5v0_Up","Srr",FALSE,FALSE,"other"
"5v0_Up","Synpo2",FALSE,FALSE,"other"
"5v0_Up","Tab2",FALSE,FALSE,"other"
"5v0_Up","Tbc1d2b",FALSE,FALSE,"other"
"5v0_Up","Thsd4",FALSE,FALSE,"other"
"5v0_Up","Trim44",FALSE,FALSE,"other"
"5v0_Up","Ttyh1",FALSE,FALSE,"other"
"5v0_Up","Ubxn1",FALSE,FALSE,"other"
"5v0_Up","Uggt2",FALSE,FALSE,"other"
"5v0_Up","Usp25",FALSE,FALSE,"other"
"5v0_Up","Wdr1",FALSE,FALSE,"other"
"5v0_Up","Xpnpep1",FALSE,FALSE,"other"
"5v0_Up","Zc2hc1a",FALSE,FALSE,"other"
"5v0_Up","Zfp236",FALSE,FALSE,"other"
"5v0_Up","Zfp362",FALSE,FALSE,"other"
"5v0_Up","Zfp598",FALSE,FALSE,"other"
"5v0_Up","Arl6ip1",FALSE,TRUE,"synaptic_terms"
"5v0_Up","Bex1",FALSE,TRUE,"synaptic_terms"
"5v0_Up","Bmpr1b",FALSE,TRUE,"synaptic_terms"
"5v0_Up","Fnbp1l",FALSE,TRUE,"synaptic_terms"
"5v0_Up","Grik2",FALSE,TRUE,"synaptic_terms"
"5v0_Up","Kcnn2",FALSE,TRUE,"synaptic_terms"
"5v0_Up","Kifap3",FALSE,TRUE,"synaptic_terms"
"5v0_Up","Mcu",FALSE,TRUE,"synaptic_terms"
"5v0_Up","Mkln1",FALSE,TRUE,"synaptic_terms"
"5v0_Up","Npr3",FALSE,TRUE,"synaptic_terms"
"5v0_Up","Pakap",FALSE,TRUE,"synaptic_terms"
"5v0_Up","Pde4b",FALSE,TRUE,"synaptic_terms"
"5v0_Up","Pdlim5",FALSE,TRUE,"synaptic_terms"
"5v0_Up","Pou3f1",FALSE,TRUE,"synaptic_terms"
"5v0_Up","Rap1b",FALSE,TRUE,"synaptic_terms"
"5v0_Up","Tmem108",FALSE,TRUE,"synaptic_terms"
"5v0_Up_30v5_Down","Atg16l1",TRUE,FALSE,"nuclear_terms"
"5v0_Up_30v5_Down","Coil",TRUE,FALSE,"nuclear_terms"
"5v0_Up_30v5_Down","Cxcl12",TRUE,TRUE,"nuclear_terms"
"5v0_Up_30v5_Down","Far2",TRUE,FALSE,"nuclear_terms"
"5v0_Up_30v5_Down","Htr2c",TRUE,TRUE,"nuclear_terms"
"5v0_Up_30v5_Down","Il33",TRUE,TRUE,"nuclear_terms"
"5v0_Up_30v5_Down","Ino80e",TRUE,FALSE,"nuclear_terms"
"5v0_Up_30v5_Down","Map7",TRUE,FALSE,"nuclear_terms"
"5v0_Up_30v5_Down","Msl3",TRUE,FALSE,"nuclear_terms"
"5v0_Up_30v5_Down","Mto1",TRUE,FALSE,"nuclear_terms"
"5v0_Up_30v5_Down","Nemf",TRUE,FALSE,"nuclear_terms"
"5v0_Up_30v5_Down","Rwdd1",TRUE,TRUE,"nuclear_terms"
"5v0_Up_30v5_Down","Snx7",TRUE,FALSE,"nuclear_terms"
"5v0_Up_30v5_Down","Uvssa",TRUE,FALSE,"nuclear_terms"
"5v0_Up_30v5_Down","Vps4b",TRUE,FALSE,"nuclear_terms"
"5v0_Up_30v5_Down","Acp1",FALSE,FALSE,"other"
"5v0_Up_30v5_Down","Bbs7",FALSE,FALSE,"other"
"5v0_Up_30v5_Down","Cc2d1b",FALSE,FALSE,"other"
"5v0_Up_30v5_Down","Csrnp1",FALSE,FALSE,"other"
"5v0_Up_30v5_Down","Ddah1",FALSE,FALSE,"other"
"5v0_Up_30v5_Down","Ergic3",FALSE,FALSE,"other"
"5v0_Up_30v5_Down","Evc2",FALSE,FALSE,"other"
"5v0_Up_30v5_Down","Fnbp1",FALSE,FALSE,"other"
"5v0_Up_30v5_Down","Glce",FALSE,FALSE,"other"
"5v0_Up_30v5_Down","Gm12258",FALSE,FALSE,"other"
"5v0_Up_30v5_Down","Gng12",FALSE,FALSE,"other"
"5v0_Up_30v5_Down","Lcorl",FALSE,FALSE,"other"
"5v0_Up_30v5_Down","Lpl",FALSE,FALSE,"other"
"5v0_Up_30v5_Down","Lpp",FALSE,FALSE,"other"
"5v0_Up_30v5_Down","Lztfl1",FALSE,FALSE,"other"
"5v0_Up_30v5_Down","Plagl2",FALSE,FALSE,"other"
"5v0_Up_30v5_Down","Plekha2",FALSE,FALSE,"other"
"5v0_Up_30v5_Down","Rab30",FALSE,FALSE,"other"
"5v0_Up_30v5_Down","Rassf8",FALSE,FALSE,"other"
"5v0_Up_30v5_Down","Sh3bgrl",FALSE,FALSE,"other"
"5v0_Up_30v5_Down","Slc25a26",FALSE,FALSE,"other"
"5v0_Up_30v5_Down","Zranb1",FALSE,FALSE,"other"
"5v0_Up_30v5_Down","Calcoco1",FALSE,TRUE,"synaptic_terms"
"5v0_Up_30v5_Down","Mt1",FALSE,TRUE,"synaptic_terms"
"5v0_Up_30v5_Down","Pik3r3",FALSE,TRUE,"synaptic_terms"
"5v0_Up_30v5_Down","Septin11",FALSE,TRUE,"synaptic_terms"
"5v0_Up_30v5_Down","Srgap2",FALSE,TRUE,"synaptic_terms"
"5v0_Up_30v5_Down","Wdfy1",FALSE,TRUE,"synaptic_terms"
